2018-01-01,2389.520020,2534.860107,2534.820068,2432.540039,922812992
2018-01-02,2434.500000,2867.139893,2434.500000,2711.000000,1831229952
2018-01-03,2592.560059,2958.469971,2700.550049,2608.689941,4688840192
2018-01-04,2359.300049,2610.199951,2608.870117,2430.179932,5377260032
2018-01-05,2370.590088,2648.320068,2400.739990,2584.479980,2115709952
2018-01-06,2481.360107,2829.689941,2583.709961,2786.649902,1669159936
2018-01-07,2730.310059,3071.159912,2784.679932,2786.879883,1444780032
2018-01-08,2275.070068,2810.320068,2786.600098,2421.469971,1428899968
2018-01-09,2346.679932,2502.870117,2412.360107,2391.560059,1084749952
2018-01-10,2332.479980,2961.199951,2390.020020,2895.379883,2578810112
2018-01-11,2396.840088,2976.489990,2891.550049,2462.610107,1947949952
2018-01-12,2413.330078,2648.229980,2475.899902,2620.989990,1110220032
2018-01-13,2589.030029,2850.270020,2617.659912,2685.290039,1218569984
2018-01-14,2490.040039,2746.610107,2687.100098,2553.320068,993310016
2018-01-15,2328.310059,2576.129883,2541.580078,2401.540039,1412359936
2018-01-16,1555.969971,2406.860107,2406.860107,1772.069946,1704029952
2018-01-17,1361.020020,1875.079956,1767.579956,1748.050049,1457730048
2018-01-18,1696.250000,1893.469971,1752.270020,1756.750000,1024060032
2018-01-19,1723.869995,1870.780029,1740.170044,1769.619995,743246976
2018-01-20,1780.449951,2124.449951,1784.260010,2032.119995,1116240000
2018-01-21,1733.989990,2033.699951,2033.699951,1776.640015,745179008
2018-01-22,1525.500000,1815.420044,1794.459961,1621.920044,681350016
2018-01-23,1504.719971,1700.339966,1623.140015,1621.459961,578984000
2018-01-24,1575.420044,1703.339966,1622.150024,1639.130005,488160992
2018-01-25,1611.040039,1707.699951,1661.040039,1642.119995,522193984
2018-01-26,1500.369995,1678.630005,1637.189941,1603.900024,594667008
2018-01-27,1567.780029,1665.810059,1602.500000,1628.630005,441742016
2018-01-28,1636.410034,1762.339966,1636.410034,1746.250000,580544000
2018-01-29,1638.329956,1763.239990,1745.359985,1657.140015,362212992
2018-01-30,1468.170044,1662.069946,1657.689941,1470.550049,649822976
2018-01-31,1406.250000,1522.869995,1470.739990,1486.890015,729209024
2018-02-01,1214.880005,1503.300049,1491.119995,1274.349976,678019968
2018-02-02,980.776001,1272.500000,1272.500000,1191.140015,896665984
2018-02-03,1072.829956,1314.430054,1194.229980,1272.500000,453100992
2018-02-04,1101.310059,1286.979980,1273.170044,1165.380005,656033984
2018-02-05,839.952026,1172.699951,1159.890015,887.413025,568116992
2018-02-06,764.018005,978.911987,890.966003,974.525024,777420032
2018-02-07,902.492981,1040.489990,971.075989,957.960022,866222016
2018-02-08,951.567017,1345.199951,951.567017,1284.560059,2203709952
2018-02-09,1206.390015,1342.410034,1273.869995,1312.109985,1133760000
2018-02-10,1215.719971,1394.810059,1311.989990,1257.310059,734606016
2018-02-11,1197.869995,1306.199951,1255.589966,1217.640015,651555008
2018-02-12,1222.430054,1302.660034,1222.430054,1283.910034,466212992
2018-02-13,1205.729980,1289.420044,1285.229980,1231.979980,442663008
2018-02-14,1229.180054,1384.060059,1229.180054,1362.270020,629852032
2018-02-15,1330.180054,1400.709961,1358.650024,1375.810059,502454016
2018-02-16,1369.680054,1558.660034,1373.160034,1552.199951,961009984
2018-02-17,1517.140015,1568.640015,1548.479980,1551.390015,641718976
2018-02-18,1428.489990,1641.400024,1552.099976,1487.459961,907873024
2018-02-19,1483.339966,1553.810059,1483.339966,1534.770020,578905984
2018-02-20,1414.349976,1569.030029,1543.270020,1418.729980,820947008
2018-02-21,1293.469971,1423.939941,1412.849976,1308.459961,575353984
2018-02-22,1194.050049,1350.339966,1304.660034,1219.489990,475079008
2018-02-23,1161.420044,1319.329956,1217.359985,1270.709961,492542016
2018-02-24,1149.479980,1309.380005,1266.560059,1193.270020,413263008
2018-02-25,1143.069946,1210.199951,1191.349976,1178.099976,362664992
2018-02-26,1149.439941,1274.859985,1177.579956,1250.560059,460182016
2018-02-27,1231.989990,1297.689941,1255.449951,1246.660034,420912000
2018-02-28,1204.160034,1275.660034,1243.260010,1204.160034,375300992
2018-03-01,1195.030029,1303.449951,1204.839966,1291.920044,482240000
2018-03-02,1255.369995,1303.660034,1284.949951,1275.180054,421497984
2018-03-03,1257.760010,1302.800049,1274.670044,1270.380005,371664000
2018-03-04,1225.099976,1289.719971,1267.859985,1289.079956,367584000
2018-03-05,1268.030029,1291.880005,1287.099976,1268.030029,350078016
2018-03-06,1179.849976,1264.189941,1264.189941,1206.040039,401782016
2018-03-07,1043.699951,1218.839966,1205.839966,1092.160034,455224992
2018-03-08,1006.859985,1113.609985,1094.640015,1040.209961,446519008
2018-03-09,937.966980,1071.650024,1034.689941,1067.020020,510887008
2018-03-10,994.190002,1087.300049,1071.150024,1005.929993,370367008
2018-03-11,973.354980,1157.069946,1002.549988,1145.170044,514167008
2018-03-12,1022.030029,1152.560059,1143.939941,1051.280029,425558016
2018-03-13,999.752014,1100.069946,1051.069946,1064.030029,458028000
2018-03-14,924.406006,1073.119995,1071.500000,949.466980,406616000
2018-03-15,877.101990,954.411011,949.768005,943.635986,374740992
2018-03-16,902.776001,1053.630005,943.601013,977.034973,472032992
2018-03-17,930.440002,1028.729980,974.703979,949.778992,411316000
2018-03-18,851.612976,948.276001,948.276001,938.114990,435070016
2018-03-19,915.513977,997.276001,942.598022,994.674988,425419008
2018-03-20,958.513000,1072.420044,998.169983,1059.119995,503262016
2018-03-21,1016.369995,1082.349976,1066.030029,1033.449951,389291008
2018-03-22,992.554993,1064.219971,1033.260010,1011.520020,344283008
2018-03-23,966.396973,1019.429993,1011.830017,1019.429993,303600000
2018-03-24,982.302979,1030.430054,1028.119995,982.302979,264080000
2018-03-25,965.518005,991.072021,973.603027,966.875977,237008000
2018-03-26,887.002014,975.612976,967.895020,919.247986,347366016
2018-03-27,876.328003,926.382996,916.989990,876.328003,339011008
2018-03-28,852.882019,897.629028,876.359009,860.520020,337268000
2018-03-29,703.179993,867.312988,861.609985,714.268005,452656000
2018-03-30,677.528015,766.973022,712.405029,697.012024,416567008
2018-03-31,683.991028,735.817017,697.622009,685.247009,306972000
2018-04-01,629.932983,699.049988,688.013977,643.026978,318440000
2018-04-02,641.427979,686.025024,644.458008,662.773010,282036000
2018-04-03,660.344971,719.773010,664.150024,712.877991,303771008
2018-04-04,638.008972,711.271973,710.471008,649.195984,282960000
2018-04-05,620.103027,655.521973,648.627991,646.041992,243988992
2018-04-06,603.705017,646.083984,641.862000,610.426025,225186000
2018-04-07,610.411011,652.593994,611.203003,640.346008,231143008
2018-04-08,640.892029,659.809021,640.892029,655.255981,198906000
2018-04-09,627.317017,680.596985,656.091003,637.028992,254947008
2018-04-10,628.861023,657.010986,637.697021,649.616028,225054000
2018-04-11,648.898010,666.580017,648.898010,666.580017,252158000
2018-04-12,658.929993,734.481995,666.390015,734.481995,417016992
2018-04-13,725.398010,781.127991,735.778015,738.302002,384095008
2018-04-14,723.219971,760.476013,738.719971,738.984985,267415008
2018-04-15,741.906982,785.351990,741.906982,780.825989,327336000
2018-04-16,745.731018,797.880005,781.120972,766.473022,382080000
2018-04-17,755.380981,784.492004,766.697998,757.591003,331700992
2018-04-18,757.392029,893.572021,758.250000,888.908020,634652992
2018-04-19,878.445007,983.583984,890.661987,968.638000,658164992
2018-04-20,947.882996,1142.500000,970.146973,1128.020020,1006640000
2018-04-21,1028.030029,1172.280029,1126.859985,1154.689941,1093510016
2018-04-22,1116.270020,1250.510010,1147.479980,1201.219971,968409024
2018-04-23,1194.709961,1443.270020,1194.709961,1432.260010,1934290048
2018-04-24,1414.109985,1560.939941,1434.010010,1426.420044,2053920000
2018-04-25,1246.609985,1437.180054,1426.709961,1284.790039,1830969984
2018-04-26,1250.859985,1420.410034,1289.540039,1420.410034,1281929984
2018-04-27,1337.849976,1422.060059,1422.060059,1337.849976,905273024
2018-04-28,1334.270020,1418.609985,1337.959961,1396.250000,808801984
2018-04-29,1378.010010,1477.310059,1393.989990,1440.300049,1049449984
2018-04-30,1339.359985,1440.959961,1440.959961,1350.050049,753113984
2018-05-01,1261.599976,1351.280029,1348.640015,1351.280029,774633024
2018-05-02,1326.910034,1480.579956,1353.540039,1458.719971,1165139968
2018-05-03,1454.969971,1536.800049,1459.550049,1511.969971,1282659968
2018-05-04,1466.209961,1538.459961,1501.400024,1517.329956,960185024
2018-05-05,1515.069946,1753.109985,1516.739990,1752.099976,1664400000
2018-05-06,1670.339966,1838.489990,1758.829956,1765.689941,1946960000
2018-05-07,1590.300049,1781.469971,1766.660034,1655.199951,1407629952
2018-05-08,1569.439941,1693.349976,1673.069946,1611.939941,1060739968
2018-05-09,1484.290039,1679.030029,1607.869995,1638.339966,1273219968
2018-05-10,1523.560059,1669.829956,1646.150024,1528.589966,1070040000
2018-05-11,1332.579956,1556.640015,1527.489990,1371.739990,1513260032
2018-05-12,1284.439941,1501.650024,1376.050049,1472.400024,1461449984
2018-05-13,1427.089966,1507.880005,1474.760010,1493.119995,921628032
2018-05-14,1353.790039,1501.640015,1489.329956,1431.689941,1158710016
2018-05-15,1323.310059,1456.349976,1430.280029,1343.380005,939358016
2018-05-16,1241.989990,1359.359985,1341.890015,1280.619995,913177984
2018-05-17,1185.989990,1335.410034,1290.219971,1206.170044,804139008
2018-05-18,1143.119995,1218.000000,1202.199951,1207.239990,876974976
2018-05-19,1159.660034,1208.989990,1206.609985,1184.959961,595862016
2018-05-20,1174.969971,1306.949951,1183.199951,1291.770020,805598976
2018-05-21,1221.569946,1301.550049,1296.030029,1233.640015,622772992
2018-05-22,1131.930054,1233.699951,1233.699951,1141.859985,634201984
2018-05-23,978.265015,1153.910034,1142.250000,1005.609985,858105984
2018-05-24,958.815979,1078.359985,1005.010010,1071.359985,785384000
2018-05-25,998.517029,1073.050049,1072.739990,1017.299988,620339968
2018-05-26,1001.179993,1046.489990,1015.679993,1012.479980,486185984
2018-05-27,982.271973,1009.789978,1009.200012,996.924011,507305984
2018-05-28,884.052002,1005.650024,996.648010,892.117981,566168000
2018-05-29,880.885010,1003.510010,896.849976,987.663025,688334016
2018-05-30,954.888977,1025.640015,990.070007,984.676025,591774976
2018-05-31,975.401978,1027.729980,983.573975,995.343994,705260032
2018-06-01,979.825989,1010.340027,995.661011,1002.919983,538528000
2018-06-02,996.588989,1093.859985,1003.330017,1084.780029,689121024
2018-06-03,1074.819946,1190.569946,1083.130005,1170.400024,842262016
2018-06-04,1086.849976,1206.530029,1170.780029,1105.800049,910656000
2018-06-05,1064.719971,1158.729980,1110.069946,1152.890015,727427008
2018-06-06,1107.209961,1157.329956,1157.329956,1131.170044,608502976
2018-06-07,1133.339966,1166.250000,1135.150024,1143.750000,561721024
2018-06-08,1096.910034,1149.800049,1145.339966,1118.189941,503856000
2018-06-09,1092.130005,1137.319946,1117.349976,1092.130005,407028000
2018-06-10,909.606995,1087.459961,1087.459961,939.546021,757265984
2018-06-11,906.008972,975.833008,937.632019,958.564026,619150976
2018-06-12,862.450989,960.145996,957.140015,874.434021,523140992
2018-06-13,818.619995,881.130981,876.890991,844.242004,547672000
2018-06-14,832.877014,898.934998,844.359985,897.601990,522806016
2018-06-15,843.083008,897.091980,896.429993,849.315002,371601984
2018-06-16,839.335022,861.458008,847.164978,852.190979,311148000
2018-06-17,849.219971,865.081970,853.059021,852.101990,290560992
2018-06-18,830.294983,892.961975,849.807007,885.638977,381404000
2018-06-19,878.484009,918.198975,885.994019,904.651978,397230016
2018-06-20,866.064026,906.479004,905.705017,890.453003,430131008
2018-06-21,869.140991,900.719971,890.640991,874.093994,361313984
2018-06-22,735.414001,876.380005,874.965027,755.974976,589187968
2018-06-23,742.331970,776.890015,755.241028,762.758972,397206016
2018-06-24,676.942993,767.018005,764.622986,749.364990,642142016
2018-06-25,739.039001,774.648987,748.625000,756.846008,447070016
2018-06-26,700.258972,757.702026,757.250000,700.258972,357417984
2018-06-27,691.388000,719.929993,698.284973,713.767029,333936992
2018-06-28,651.211975,720.244019,714.700989,660.239990,340686016
2018-06-29,652.812988,729.547974,662.999023,715.710999,407536000
2018-06-30,717.041992,762.919006,717.041992,748.708984,576081024
2018-07-01,719.762024,752.909973,749.179016,739.424988,558793984
2018-07-02,724.320007,798.306030,739.245972,776.174988,413921984
2018-07-03,754.815002,819.372009,775.067017,757.947021,478640000
2018-07-04,742.934021,808.229004,757.926025,762.395020,420710016
2018-07-05,725.120972,779.135010,763.294983,748.224976,469756992
2018-07-06,705.106995,748.672974,748.479980,737.330994,375967008
2018-07-07,715.294006,775.822998,736.758972,775.296997,772953024
2018-07-08,745.820984,784.437012,775.776001,751.351990,328903008
2018-07-09,731.348999,757.370972,751.568970,733.383972,338876000
2018-07-10,688.629028,739.202026,732.856018,688.629028,374505984
2018-07-11,688.869019,713.758972,688.869019,707.479980,321031008
2018-07-12,669.520996,706.976013,706.976013,682.755005,336003008
2018-07-13,686.648010,708.747986,686.648010,696.588013,352371008
2018-07-14,690.685974,707.051025,696.416016,704.057007,272856000
2018-07-15,698.755981,731.567993,702.994995,722.973999,322284000
2018-07-16,718.945007,806.929016,724.478027,805.677002,534068000
2018-07-17,784.921021,863.294983,803.116028,850.778992,752280000
2018-07-18,814.588989,880.984985,849.768982,829.937012,720550976
2018-07-19,808.728027,840.432983,828.427002,824.893005,684182976
2018-07-20,765.179016,823.395020,823.395020,767.655029,612099008
2018-07-21,750.716980,797.059998,767.877014,789.486023,513512992
2018-07-22,781.299988,820.099976,788.471008,788.666016,529767008
2018-07-23,783.523987,828.393982,789.689026,784.385986,608630016
2018-07-24,778.651001,871.469971,785.596985,869.466980,905811968
2018-07-25,822.507019,870.655029,863.197998,831.455017,692334016
2018-07-26,795.742981,855.969971,830.739014,806.177979,597276992
2018-07-27,785.588989,829.424011,804.349976,819.387024,589747968
2018-07-28,803.731995,826.434021,821.492004,818.830017,525351008
2018-07-29,813.794983,835.617004,821.013977,828.979004,565436032
2018-07-30,790.122009,829.864990,828.546997,816.078003,568282000
2018-07-31,766.336975,816.729980,816.729980,777.145996,420759000
2018-08-01,740.322998,779.950012,779.950012,769.348999,499193000
2018-08-02,726.924011,773.731018,767.674988,734.758972,387197000
2018-08-03,704.585999,732.799011,732.799011,724.708008,361851000
2018-08-04,691.578003,735.036987,723.271973,695.734985,327670000
2018-08-05,687.862000,715.515991,696.065002,709.218994,313362000
2018-08-06,684.440002,718.651001,711.012024,692.630005,316406000
2018-08-07,653.783997,712.335999,692.629028,659.383972,378007000
2018-08-08,575.643982,660.054016,660.054016,585.445984,450595000
2018-08-09,581.333008,619.544006,590.523010,610.781006,355208000
2018-08-10,564.952026,612.656982,610.353027,572.437988,345223000
2018-08-11,548.476013,582.591003,571.893005,566.773010,341530000
2018-08-12,561.093994,580.797974,564.443970,570.958984,324257000
2018-08-13,529.044006,591.864014,571.023010,535.976990,379411000
2018-08-14,481.433014,534.981995,534.981995,509.304993,420396000
2018-08-15,508.144012,540.492004,513.245972,513.672974,378019000
2018-08-16,506.838989,538.265991,512.866028,517.344971,402136000
2018-08-17,516.219971,597.012024,516.560974,597.012024,463256000
2018-08-18,541.052002,606.922974,597.669983,554.921021,413731000
2018-08-19,544.966003,579.604004,554.931030,569.926025,383846000
2018-08-20,513.119995,575.633972,570.112976,515.659973,374592000
2018-08-21,514.064026,540.017029,514.064026,536.567017,304026000
2018-08-22,512.112976,570.609985,535.151978,519.952026,319315000
2018-08-23,515.901978,531.997986,519.120972,530.768982,282362000
2018-08-24,522.848022,537.544006,531.554016,535.405029,304350000
2018-08-25,529.734009,542.028015,534.989014,537.239014,272027000
2018-08-26,516.580994,536.489014,536.489014,522.883972,257257000
2018-08-27,520.091980,546.356995,523.017029,546.356995,305426000
2018-08-28,541.234985,570.981995,545.075989,565.306030,429636000
2018-08-29,548.468018,567.250977,564.406006,554.367004,299414000
2018-08-30,527.918030,556.521973,554.070984,540.025024,337841000
2018-08-31,535.598999,546.757996,538.622009,543.078003,307222000
2018-09-01,542.257996,628.081970,543.961975,615.312012,490619000
2018-09-02,601.940002,653.689026,616.026001,645.880005,570200000
2018-09-03,622.232971,650.689026,648.328003,626.362976,397157000
2018-09-04,622.723999,643.435974,627.323975,625.067017,386332000
2018-09-05,530.229980,631.765015,626.197998,530.513000,520184000
2018-09-06,495.065002,530.249023,529.952026,519.161987,441732000
2018-09-07,496.141998,525.999023,518.767029,501.569000,368854000
2018-09-08,468.796997,508.963989,501.821991,475.285004,311599000
2018-09-09,466.302002,493.951996,474.628998,481.184998,286768000
2018-09-10,463.808990,486.981995,484.218994,465.587006,300172000
2018-09-11,433.161011,476.130005,468.348999,440.834991,355090000
2018-09-12,414.464996,440.927002,440.507996,432.847992,319094000
2018-09-13,433.537994,472.580994,433.537994,464.437012,393614000
2018-09-14,443.872009,472.747986,467.127991,449.502991,314701000
2018-09-15,446.407013,458.806000,447.579010,450.683990,276833000
2018-09-16,431.441986,450.200012,448.509003,449.160004,277244000
2018-09-17,413.039001,460.493011,450.377991,420.451996,365115000
2018-09-18,414.537994,443.756989,418.554993,435.678986,332161000
2018-09-19,414.277008,438.708008,433.191986,429.226990,337321000
2018-09-20,424.662994,462.065002,429.804993,455.743011,369099000
2018-09-21,449.382996,506.442993,457.515991,499.039001,597228000
2018-09-22,468.329010,505.289001,500.350006,487.829987,412279000
2018-09-23,478.067993,504.140991,487.709991,488.647003,384226000
2018-09-24,459.588013,490.765015,487.915009,463.089996,385322000
2018-09-25,428.906006,462.354004,462.109985,445.226013,414548000
2018-09-26,434.350006,542.526978,444.802002,515.934021,856458000
2018-09-27,514.767029,585.361023,514.767029,564.409973,1083230000
2018-09-28,533.437988,572.578979,568.432007,539.862976,673844000
2018-09-29,514.263000,553.481018,538.994019,536.911987,581112000
2018-09-30,520.606995,545.546021,536.564026,529.924988,477471000
2018-10-01,522.317993,539.945007,531.638000,530.914001,450906000
2018-10-02,527.921997,547.491028,531.153015,533.265015,536291000
2018-10-03,508.734009,531.635986,531.635986,514.525024,512420000
2018-10-04,510.592010,529.937988,516.786987,513.030029,466791000
2018-10-05,510.627991,522.513977,513.898010,520.632996,384914000
2018-10-06,502.540009,521.677002,519.918030,508.623993,391070000
2018-10-07,506.652008,519.388977,509.626007,517.468018,382426000
2018-10-08,517.327026,530.916016,518.710022,528.974976,397869000
2018-10-09,513.122986,528.552979,526.905029,517.789978,372000000
2018-10-10,507.826996,517.221985,516.656006,512.924011,369806000
2018-10-11,431.851013,511.769989,511.769989,433.036987,487652000
2018-10-12,429.386993,451.925995,430.351990,443.229004,289722000
2018-10-13,442.661987,450.223999,443.181000,448.410004,245372000
2018-10-14,438.601990,451.924011,448.187988,439.234009,242400000
2018-10-15,433.819000,487.210999,438.649994,459.381012,571575000
2018-10-16,454.598999,467.170013,459.322998,458.011993,302192000
2018-10-17,446.290009,459.868011,458.846008,448.792999,292950000
2018-10-18,432.924988,454.710999,449.220001,438.424988,327540000
2018-10-19,433.384003,443.425995,438.312988,440.846008,303766000
2018-10-20,438.450012,448.476990,440.868988,447.445007,266812000
2018-10-21,445.769989,455.957001,447.541992,447.851013,295702000
2018-10-22,443.597992,452.528015,447.187012,447.210999,261566000
2018-10-23,438.250000,449.787994,447.170990,442.654999,262509000
2018-10-24,440.648987,448.181000,441.266998,442.446014,249002000
2018-10-25,439.148010,443.579010,442.174988,440.229004,226378000
2018-10-26,436.149994,441.533997,439.123993,438.739990,259970000
2018-10-27,435.834015,439.822998,438.601990,437.527008,235687000
2018-10-28,436.087006,442.233002,438.891998,441.084015,226911000
2018-10-29,414.612000,440.903992,440.207001,417.571014,294419000
2018-10-30,415.209991,422.971985,417.690002,421.933990,243462000
2018-10-31,411.519989,424.615997,422.226013,422.859009,286666000
2018-11-01,421.829987,432.583008,423.069000,424.089996,228640000
2018-11-02,424.239990,469.884003,424.239990,462.010010,524499000
2018-11-03,458.535004,483.665009,461.773010,477.993988,470238000
2018-11-04,478.509003,586.041016,478.535004,560.182983,1452890000
2018-11-05,538.861023,578.226990,557.716003,558.466003,907963000
2018-11-06,551.286011,628.507019,558.546021,628.507019,958116000
2018-11-07,610.335999,638.552002,630.176025,617.255005,935156000
2018-11-08,573.895996,619.159973,616.526978,574.434021,824619000
2018-11-09,532.755981,594.794983,574.005981,544.419006,860474000
2018-11-10,535.789001,562.905029,542.882019,556.499023,656843000
2018-11-11,517.656006,555.776001,555.776001,533.341003,693990000
2018-11-12,502.729004,536.895996,533.567993,516.307007,951132000
2018-11-13,504.796997,542.677002,514.583984,512.409973,972530000
2018-11-14,421.196014,525.265991,511.630005,439.308014,1167480000
2018-11-15,403.750000,453.618011,439.963989,421.320007,979243000
2018-11-16,388.820007,423.433990,421.199005,388.820007,502805000
2018-11-17,380.347992,394.382996,389.496002,387.748993,356307000
2018-11-18,380.023987,412.865997,387.635010,386.252014,275157000
2018-11-19,336.954987,415.148987,383.628998,336.954987,107950000
2018-11-20,199.085999,336.500000,336.313995,223.701996,142641000
2018-11-21,221.192001,246.673004,226.382996,235.951004,80873000
2018-11-22,211.468002,238.998001,236.207993,211.468002,59981900
2018-11-23,196.520004,212.455994,210.417999,207.425995,103947000
2018-11-24,177.225006,217.039001,207.662994,180.688995,97740700
2018-11-25,154.279999,189.251007,181.126999,184.584000,164581000
2018-11-26,170.621994,215.768997,184.828995,182.042999,283429000
2018-11-27,171.218002,192.994003,182.001999,179.063004,136514000
2018-11-28,176.356003,198.550003,179.136002,190.072006,127871000
2018-11-29,176.832855,191.149948,190.101974,180.983429,89166901
2018-11-30,168.084747,187.503937,181.093292,173.066895,97441740
2018-12-01,167.844238,177.825272,172.517670,172.123306,68660039
2018-12-02,171.647400,180.255356,171.936188,172.113403,71004464
2018-12-03,153.683182,172.613815,172.315323,159.818253,69403051
2018-12-04,149.049759,160.333542,159.641190,149.658966,73451486
2018-12-05,130.541046,149.853592,149.853592,130.541046,95942782
2018-12-06,107.436089,131.789276,130.518677,107.592735,123685568
2018-12-07,97.618050,116.573685,107.489395,106.852493,211041228
2018-12-08,99.843567,109.957054,106.235100,104.047600,112407720
2018-12-09,103.003876,112.177567,103.727684,109.617950,120406818
2018-12-10,103.376068,110.958115,109.599854,107.314186,73938617
2018-12-11,97.569298,107.052742,107.052742,102.072952,71529997
2018-12-12,99.429474,105.801468,101.713150,102.592163,59280514
2018-12-13,88.582367,102.432419,102.432419,90.302277,74837340
2018-12-14,77.724907,91.975586,90.243134,80.370750,104537195
2018-12-15,75.075317,83.036423,80.332451,77.365776,68901780
2018-12-16,77.370895,83.476028,77.370895,81.639008,80118715
2018-12-17,81.401230,92.937454,81.532066,90.345070,109893213
2018-12-18,87.590897,105.776611,90.309883,105.200768,188289946
2018-12-19,103.064095,144.095779,105.437729,128.448013,532417073
2018-12-20,125.208374,200.078110,126.283836,194.230972,1558759484
2018-12-21,177.328583,229.012741,190.480194,194.295609,1520475211
2018-12-22,184.078003,206.446716,196.303177,196.668579,716022686
2018-12-23,189.158615,209.859543,197.892731,197.662811,578345903
2018-12-24,179.086258,213.715332,200.034058,182.259674,611323718
2018-12-25,155.402817,183.031418,183.031418,170.909348,621674076
2018-12-26,165.539368,186.336319,172.059540,175.510300,537284643
2018-12-27,147.837219,177.191528,175.412277,150.127579,339080968
2018-12-28,144.174225,176.189850,150.556198,173.998978,466524537
2018-12-29,164.479431,175.278412,174.469635,165.059647,308440732
2018-12-30,159.637344,165.346069,165.150803,163.622131,254982420
2018-12-31,148.961670,163.521881,163.521881,151.045700,184371700
2019-01-01,150.238159,168.768265,150.895782,164.854599,267838686
2019-01-02,162.248795,174.233536,165.622040,171.827377,270357561
2019-01-03,160.327591,175.464142,173.272461,162.049927,231676176
2019-01-04,155.610153,165.370697,161.711578,161.395630,207663255
2019-01-05,158.331970,166.359131,161.140793,160.401215,230320255
2019-01-06,159.151230,170.752716,160.186981,166.841187,226834845
2019-01-07,160.803528,168.329285,166.847000,161.243973,204578538
2019-01-08,158.659042,164.859314,161.402924,161.912628,167967145
2019-01-09,158.442017,162.536591,162.119415,160.084747,163008542
2019-01-10,133.338882,164.397720,160.284775,134.966797,349267379
2019-01-11,129.426712,134.785034,133.907745,131.668579,221067019
2019-01-12,131.495590,138.550888,131.495590,134.381165,212095966
2019-01-13,123.871117,135.796082,134.496735,126.349815,182166624
2019-01-14,124.894783,136.958786,126.482719,133.979843,214446102
2019-01-15,126.995422,134.683548,133.970169,128.480011,182316505
2019-01-16,128.184616,131.182007,128.687866,129.169342,161105128
2019-01-17,127.156456,131.890945,129.204468,131.054535,178365450
2019-01-18,126.933228,131.093918,131.093918,128.457489,208629422
2019-01-19,127.600540,131.685806,128.546799,130.204102,198967556
2019-01-20,122.719040,130.996399,130.137619,123.886467,269797874
2019-01-21,121.858192,124.345276,123.920181,122.829605,187814581
2019-01-22,118.813004,131.498734,122.712578,128.440109,264996480
2019-01-23,127.831367,134.704498,128.440186,132.320099,293056048
2019-01-24,127.467651,132.290207,132.211197,129.397339,264182477
2019-01-25,126.371902,129.843292,129.520935,128.370453,205641444
2019-01-26,126.965958,129.656372,128.444382,127.139671,178570796
2019-01-27,120.701530,127.535088,127.155067,122.901108,201627687
2019-01-28,108.088158,123.035393,123.035393,112.496063,322496467
2019-01-29,108.108315,113.535660,112.250183,111.090454,263554927
2019-01-30,109.633186,119.754074,110.957672,118.381241,278213607
2019-01-31,114.061501,120.435699,118.155060,114.810188,277744299
2019-02-01,112.067612,118.152222,114.799126,116.556725,246917441
2019-02-02,116.216301,122.003708,116.554337,121.790535,251181380
2019-02-03,117.477776,121.973289,121.790321,118.828148,218977856
2019-02-04,118.346939,120.562813,119.303978,119.124779,207822688
2019-02-05,117.200272,119.910789,119.027199,117.711296,205839408
2019-02-06,111.838692,120.005226,117.980965,115.333641,289253747
2019-02-07,114.175072,117.565521,115.179184,115.150208,192007562
2019-02-08,115.184349,131.224365,115.782745,130.862213,392818315
2019-02-09,126.060387,130.478729,129.927689,128.641922,233478378
2019-02-10,122.226341,129.022873,128.632523,127.586723,285347998
2019-02-11,121.840057,127.693169,127.693169,122.511879,282031883
2019-02-12,119.553940,123.584976,122.523415,123.445572,236077048
2019-02-13,121.811798,126.936790,123.378471,123.152405,228141043
2019-02-14,121.564316,124.669090,123.116173,121.649910,242536735
2019-02-15,121.590935,123.412781,122.180206,121.961525,197273460
2019-02-16,121.966583,123.326584,122.009766,122.360916,191430981
2019-02-17,121.147423,125.044357,122.232056,124.686043,230868433
2019-02-18,124.966759,147.240814,124.966759,144.405945,685321231
2019-02-19,142.865021,150.861374,144.314148,143.304779,557033470
2019-02-20,140.848389,148.576553,142.972107,148.054626,402662737
2019-02-21,141.217957,147.918961,147.918961,142.928162,351951657
2019-02-22,141.820923,145.708923,142.822708,145.114944,321600349
2019-02-23,142.364761,153.256165,144.882004,153.256165,391092331
2019-02-24,130.179169,157.646927,154.195770,130.267639,556592899
2019-02-25,130.023346,139.382584,130.023346,135.868454,475080131
2019-02-26,133.336517,139.050980,135.841858,134.262756,327672295
2019-02-27,130.193619,135.518051,134.329376,132.787277,291088410
2019-02-28,131.184738,134.505692,132.895950,132.186966,281575851
2019-03-01,131.929535,134.826202,132.075424,132.961792,240782300
2019-03-02,130.753571,133.459549,132.923721,132.538498,234304188
2019-03-03,131.074524,133.283035,132.573990,131.556305,202483597
2019-03-04,123.252815,132.323502,131.418655,125.122482,307511335
2019-03-05,124.517563,134.158585,124.962700,132.508774,297746808
2019-03-06,131.082947,134.022400,133.410690,133.267960,281163956
2019-03-07,131.256973,135.027466,133.293518,132.156082,281220759
2019-03-08,128.280746,133.573486,132.210648,129.470261,301191835
2019-03-09,128.360428,136.383102,129.423325,133.815567,317778034
2019-03-10,131.185547,134.158234,134.035934,132.837814,274459921
2019-03-11,128.234268,133.402145,132.860870,130.204941,268403469
2019-03-12,128.095032,130.663498,130.346161,128.948242,232279797
2019-03-13,127.921814,129.722580,129.191559,128.933746,217915164
2019-03-14,128.823196,135.735611,128.823196,133.898117,388641464
2019-03-15,132.944595,146.741592,133.793701,143.993622,363130165
2019-03-16,143.979736,160.690826,143.979736,157.579788,648403250
2019-03-17,148.706955,158.668915,157.439926,156.078995,437535869
2019-03-18,156.085297,166.674698,156.258881,162.494171,635931669
2019-03-19,157.809753,163.187195,162.596100,162.427780,430154285
2019-03-20,156.583771,162.333389,162.333389,160.532928,394747561
2019-03-21,150.559769,161.292358,160.791565,154.766937,488749472
2019-03-22,153.536392,161.085129,154.705963,158.340775,373689646
2019-03-23,157.696854,170.051514,158.126556,167.410812,518279691
2019-03-24,164.047623,167.091415,167.091415,165.936234,400180522
2019-03-25,158.655945,166.701996,166.106461,161.618149,462768947
2019-03-26,156.005203,161.944641,161.386871,161.438049,448350663
2019-03-27,160.046616,174.168732,160.512726,173.180573,566792974
2019-03-28,167.256744,173.095688,173.095688,169.454041,545985641
2019-03-29,166.460876,172.156113,169.347137,170.449982,560103605
2019-03-30,167.374359,177.730911,170.301483,168.588196,581569997
2019-03-31,167.382904,169.035263,168.639648,168.937546,454369901
2019-04-01,167.087402,169.312897,168.899078,167.626999,465814641
2019-04-02,167.474030,240.109451,167.628189,236.132599,1648897519
2019-04-03,236.295288,342.870026,236.395584,298.352539,4237037516
2019-04-04,276.333527,317.370697,298.467499,286.567657,2803008785
2019-04-05,282.557983,299.741486,286.635254,292.641144,1697395926
2019-04-06,285.284760,328.436676,292.805420,306.074097,2107781161
2019-04-07,300.135773,326.110718,305.799011,319.596527,2183906035
2019-04-08,297.363037,326.917969,319.765015,310.157837,1918300729
2019-04-09,294.889496,309.952881,309.952881,296.043640,1312902759
2019-04-10,295.786804,312.094269,295.969421,305.219910,1476621660
2019-04-11,259.015045,306.068726,305.124756,272.709625,1824110954
2019-04-12,260.672180,287.013885,272.638275,282.853149,1458454991
2019-04-13,274.123413,286.498322,282.676514,279.469482,1142074597
2019-04-14,274.857941,289.542938,279.410339,288.647156,990830744
2019-04-15,288.091553,332.282532,288.698059,314.118164,2459286061
2019-04-16,305.794464,324.842682,314.116913,318.306274,1686596635
2019-04-17,306.279999,321.691071,318.313995,310.799957,1373348879
2019-04-18,304.736694,314.364746,310.872833,306.956024,1203614370
2019-04-19,293.586243,310.080383,306.927582,306.808075,1395000142
2019-04-20,296.763062,309.646790,306.860107,300.753204,1036399596
2019-04-21,281.898438,303.330841,300.809692,290.480255,1279142852
2019-04-22,287.552246,295.896362,290.336426,292.811829,1184945128
2019-04-23,290.621765,308.471039,292.788788,291.173889,1434551201
2019-04-24,270.558350,291.848053,290.964691,278.936615,1554756186
2019-04-25,266.191223,284.034729,279.209900,266.852020,1229338671
2019-04-26,257.490356,274.977234,267.188812,263.879272,1345116972
2019-04-27,261.060394,266.593658,264.086670,263.940918,910703481
2019-04-28,251.617615,267.580841,264.118042,255.470123,1007833364
2019-04-29,232.912567,255.550110,255.550110,236.612488,1326738644
2019-04-30,236.331223,268.226593,237.568848,267.758148,1761938029
2019-05-01,266.458679,278.652802,267.992920,271.816498,1693067790
2019-05-02,268.015717,280.164398,271.967621,270.182587,1513870927
2019-05-03,267.883545,297.156036,270.152618,293.013489,2046668051
2019-05-04,275.390015,311.656769,292.875854,291.491150,2665107945
2019-05-05,287.048981,298.909607,291.345062,293.947449,1995769808
2019-05-06,277.510345,294.718781,293.962097,287.664490,1766785841
2019-05-07,286.224457,298.443146,287.677979,286.734985,1773389358
2019-05-08,276.656311,287.264069,286.550903,286.298767,1423796801
2019-05-09,278.452484,292.721680,286.469757,284.186249,1481835612
2019-05-10,279.612213,294.243256,284.200775,287.730011,1807016333
2019-05-11,287.726471,377.011139,287.789673,356.366302,3587276404
2019-05-12,336.192017,375.382874,356.268524,354.029938,4136205097
2019-05-13,347.156586,401.344849,354.029938,384.477142,3775372869
2019-05-14,369.127289,407.578491,385.366516,388.958496,3490443261
2019-05-15,373.637177,407.713562,389.117218,402.927246,3374131496
2019-05-16,387.536987,443.676300,402.440460,398.703644,4522945333
2019-05-17,340.839050,409.997131,398.680115,364.851440,3639603283
2019-05-18,351.989563,370.369385,364.452026,357.617462,2276729590
2019-05-19,356.854187,428.854034,357.310516,421.493286,3347689966
2019-05-20,385.422241,421.419861,421.383270,412.811127,2932575975
2019-05-21,401.313080,439.383698,412.524170,417.550446,2894337881
2019-05-22,387.709900,422.906464,417.310577,392.508636,2493471577
2019-05-23,372.634155,406.632935,391.523499,405.840637,2544348455
2019-05-24,396.412659,421.013428,405.917877,409.051208,2441092695
2019-05-25,401.578796,414.556366,409.211487,406.740601,1812156961
2019-05-26,394.690643,436.340698,406.551300,432.840698,2311867234
2019-05-27,427.110413,456.252380,432.970551,443.796326,2767017567
2019-05-28,429.767639,443.746887,443.008789,434.996216,1995254776
2019-05-29,422.637695,462.777924,435.012085,454.123138,2493988249
2019-05-30,414.145905,478.525909,454.450531,424.623291,2988845095
2019-05-31,417.696442,445.107697,424.623291,445.069946,2239642925
2019-06-01,432.184662,448.599731,445.029572,434.460144,1774830914
2019-06-02,434.274414,449.762115,434.720215,443.771545,1645915863
2019-06-03,403.696655,446.747314,443.726074,408.659790,2062149881
2019-06-04,368.951111,408.213104,408.213104,382.660156,2279486006
2019-06-05,382.596100,411.689117,382.652466,398.383087,2659571174
2019-06-06,373.952606,402.998077,398.071503,396.929535,1857674526
2019-06-07,392.388275,410.486267,397.039429,401.433777,1571977471
2019-06-08,387.585968,405.104370,401.560211,394.240112,1393738910
2019-06-09,373.635071,396.502808,394.151703,381.166351,1326212608
2019-06-10,375.781433,399.119324,381.063446,394.582153,1537080110
2019-06-11,380.786865,397.022339,394.774811,387.910736,1316065000
2019-06-12,385.733490,399.865784,388.105927,396.380524,1470454427
2019-06-13,395.502563,423.429352,396.323334,411.941711,2044418533
2019-06-14,402.364899,422.200073,411.891632,421.286896,1793749535
2019-06-15,413.146545,425.590027,421.684204,422.826935,1566387915
2019-06-16,418.983765,440.498810,422.825989,428.320892,1904693125
2019-06-17,427.060120,438.600433,428.264771,432.517212,1454079245
2019-06-18,405.309723,432.337769,432.023682,413.940948,1622477887
2019-06-19,410.727173,420.248352,413.933472,416.910828,1297224300
2019-06-20,406.560577,417.316437,416.812164,413.557739,1314360146
2019-06-21,413.170044,441.161469,413.604279,439.454620,1846131599
2019-06-22,437.843262,522.091309,439.694275,480.172241,3606842274
2019-06-23,472.201599,496.918060,479.439270,475.017181,2313225132
2019-06-24,464.799408,476.667572,475.336975,476.254120,1857691004
2019-06-25,466.302643,483.927307,476.715210,479.814423,2225951702
2019-06-26,465.767578,514.716064,479.791168,485.569305,3541460266
2019-06-27,392.816010,490.684540,485.873413,413.270447,3097101870
2019-06-28,401.499329,439.620453,413.617706,436.796814,2663786738
2019-06-29,415.387604,443.617096,437.123993,442.722748,2131966116
2019-06-30,399.470367,447.300537,441.958984,399.470367,1933402678
2019-07-01,390.760468,418.574036,399.833496,416.645538,2170629296
2019-07-02,382.827179,421.109100,416.517975,407.887177,2148449372
2019-07-03,407.334534,422.728149,407.910187,422.609406,1887674266
2019-07-04,400.458466,423.846893,422.812683,401.690582,1721585714
2019-07-05,393.675781,408.081757,401.635773,400.514404,1725160159
2019-07-06,399.280304,416.227570,400.233582,405.466339,1471000137
2019-07-07,400.757263,415.069092,405.584412,411.809692,1334925076
2019-07-08,406.480011,420.786224,412.122528,418.634186,1397264412
2019-07-09,412.438538,428.360046,418.786530,416.078430,1624612090
2019-07-10,383.675049,421.533752,416.091766,390.242737,1946693493
2019-07-11,325.739197,390.440155,390.294037,345.884155,2535121897
2019-07-12,339.875549,359.779663,346.551514,354.459717,1671307825
2019-07-13,334.479553,354.846008,354.567871,344.953156,1496154286
2019-07-14,281.203094,346.367462,344.969849,282.843567,1688007280
2019-07-15,258.648987,322.275513,283.301788,314.742493,2464005425
2019-07-16,273.026367,317.302277,314.860931,281.707764,2120520439
2019-07-17,275.574066,304.093903,281.200317,291.543304,2288443142
2019-07-18,286.139160,321.348846,291.381287,315.087372,1844896871
2019-07-19,298.459961,316.393951,314.780548,308.027649,1455314291
2019-07-20,306.114197,337.278351,308.383148,324.204437,1715437159
2019-07-21,312.740601,330.467010,324.389801,320.864685,1359692581
2019-07-22,303.041016,323.624634,320.997162,310.591919,1297124990
2019-07-23,294.301361,314.308014,310.718109,298.584229,1465679636
2019-07-24,284.732391,305.814789,298.136688,302.851593,1507512759
2019-07-25,296.881927,310.625610,302.903900,302.949463,1270702881
2019-07-26,296.693878,319.031616,302.790894,316.041473,1485022992
2019-07-27,302.545410,321.700653,316.427795,306.643829,1529445657
2019-07-28,299.003265,311.291412,306.497650,310.457397,1304270432
2019-07-29,305.774445,312.615845,310.202576,307.917023,1319630375
2019-07-30,305.293732,320.257202,307.914856,315.926605,1376384681
2019-07-31,315.830292,329.299744,315.830292,326.570282,1647491046
2019-08-01,320.072754,329.052734,326.587280,328.759064,1485593980
2019-08-02,322.766663,331.444061,328.723572,326.823944,1521358677
2019-08-03,325.404236,339.624939,326.652191,332.745453,1507071290
2019-08-04,329.072296,337.463867,333.060486,333.673462,1364528841
2019-08-05,333.581848,350.824860,333.691589,346.759033,1791977352
2019-08-06,330.542145,352.303711,346.807220,333.576874,1617493636
2019-08-07,331.151031,342.220367,333.791504,339.605255,1226299625
2019-08-08,326.424286,339.786255,339.639771,333.729706,1206905812
2019-08-09,312.111572,334.571564,333.681580,316.620819,1311332080
2019-08-10,307.342133,323.136292,316.686493,315.989899,1236137481
2019-08-11,315.706177,340.186890,315.890045,336.196503,1216405504
2019-08-12,329.327606,338.092407,336.159302,330.228516,1150597729
2019-08-13,328.323273,348.501526,330.246063,343.680756,1551260140
2019-08-14,310.706360,353.700806,343.523193,311.495941,1915331290
2019-08-15,282.044708,320.915619,312.169373,314.576080,2284229901
2019-08-16,301.376587,316.153320,314.800934,310.449341,1466483371
2019-08-17,301.680786,312.825806,310.575317,307.276978,969169195
2019-08-18,303.260071,322.968842,307.292206,316.509613,1132352694
2019-08-19,313.967407,326.884277,316.730621,325.606384,1194487698
2019-08-20,314.128906,325.725006,325.449371,316.245819,1115713726
2019-08-21,293.931641,316.282349,316.282349,302.986847,1452981238
2019-08-22,295.585541,312.870361,303.083313,311.327026,1476522149
2019-08-23,305.725586,317.577423,311.322632,316.826416,1442794558
2019-08-24,302.441681,316.274933,316.139130,307.645386,1374366115
2019-08-25,302.548096,310.737183,307.586792,305.601959,1156287354
2019-08-26,304.658234,315.089417,305.315887,311.121643,1400335086
2019-08-27,304.249969,312.496216,311.160706,308.040466,1281645070
2019-08-28,290.400635,309.479279,308.023163,292.192139,1471533020
2019-08-29,277.669464,292.247314,292.247314,280.739716,1515300753
2019-08-30,272.881134,283.956299,280.757843,279.870270,1333960561
2019-08-31,273.716095,283.947937,279.652527,279.939514,1188670880
2019-09-01,276.078522,283.573975,279.992554,282.329102,1053837321
2019-09-02,280.586121,295.524445,282.334473,294.075897,1306503215
2019-09-03,293.469696,305.471741,294.021912,300.859863,1542378009
2019-09-04,294.108917,301.975555,300.998260,295.304565,1054125848
2019-09-05,286.787659,296.270386,295.317413,292.895966,1221460127
2019-09-06,284.370544,301.035309,292.919708,287.451904,1449262693
2019-09-07,285.674500,305.166443,287.739014,301.154388,1487255622
2019-09-08,300.313385,309.789185,301.307312,307.009827,1362441598
2019-09-09,299.245483,310.723694,307.807831,305.425079,1519465939
2019-09-10,301.028961,310.645813,305.152802,304.133667,1274746653
2019-09-11,294.451843,306.654388,304.236664,299.814789,1353292059
2019-09-12,295.914459,302.684082,299.623810,300.420990,1167888639
2019-09-13,295.824249,301.061127,300.458344,298.257019,1172902982
2019-09-14,297.274261,307.792938,298.424561,304.692596,1269683634
2019-09-15,303.314484,307.836212,304.603027,304.232788,1205048956
2019-09-16,302.870850,309.676819,304.255890,307.526337,1263976388
2019-09-17,306.112244,326.832825,307.526062,319.500824,1622782817
2019-09-18,319.391663,332.891327,319.391663,324.720856,1773994497
2019-09-19,309.922546,324.632324,324.632324,323.702820,1818328805
2019-09-20,312.262543,325.071503,323.824188,315.367767,1569334925
2019-09-21,311.164124,318.100952,315.737030,312.477356,1448816845
2019-09-22,304.205292,312.679779,312.229492,308.301910,1324458033
2019-09-23,293.065369,308.465942,308.217957,293.065369,1433579087
2019-09-24,216.061920,294.063263,293.120178,222.350739,2916790532
2019-09-25,219.028305,235.139572,222.253723,229.413162,2601638827
2019-09-26,208.168076,229.265213,229.265213,216.200699,2113715407
2019-09-27,211.427383,223.969879,216.020355,222.558609,1903875542
2019-09-28,220.855911,231.848633,222.615799,228.834503,1675667458
2019-09-29,215.172348,229.208633,228.867554,220.430267,1523703377
2019-09-30,215.064575,230.263382,220.450790,228.122894,1646589372
2019-10-01,221.167999,236.078110,228.261993,224.761902,1778003922
2019-10-02,221.794846,226.560730,224.788971,225.893616,1372176230
2019-10-03,219.378143,225.980209,225.764206,222.579086,1111283911
2019-10-04,220.698898,225.713882,222.664444,223.250809,1186189217
2019-10-05,219.341354,224.193359,223.125687,223.165344,1049368204
2019-10-06,220.421265,224.130707,223.215195,223.411926,1104864272
2019-10-07,221.597992,238.354736,223.259155,234.236176,1574411233
2019-10-08,229.169937,239.050476,234.222794,232.357224,1430440347
2019-10-09,229.742355,240.369720,232.550568,239.443924,1466835870
2019-10-10,229.725006,240.118973,239.422455,230.106201,1559031120
2019-10-11,221.383041,233.992371,230.180954,222.594009,1430107191
2019-10-12,222.728287,228.095703,222.728287,225.101990,1276328578
2019-10-13,223.074203,228.901230,225.039490,224.123245,1113479953
2019-10-14,223.833206,229.086807,223.955002,228.589233,1181648353
2019-10-15,221.082748,229.135101,228.537262,222.827789,1329643411
2019-10-16,215.233307,225.761795,222.861328,218.203110,1422464232
2019-10-17,215.583389,221.434204,218.207169,221.434204,1192766014
2019-10-18,211.039917,221.280075,221.280075,212.648911,1320439938
2019-10-19,211.589142,216.082428,212.620850,213.980865,1162614339
2019-10-20,212.806122,227.036163,214.137375,224.925735,1366308264
2019-10-21,224.107437,236.727615,224.926712,233.256958,1658436725
2019-10-22,227.439407,234.576401,233.360077,228.044952,1475891269
2019-10-23,203.071884,228.584412,228.006210,210.376480,1844311891
2019-10-24,208.058121,218.427216,210.299576,214.047882,1752820854
2019-10-25,213.811707,265.028137,214.205811,259.166901,3309084358
2019-10-26,244.458176,277.122498,259.528320,252.507019,3875753112
2019-10-27,246.339996,265.959717,252.558289,261.251587,3228198618
2019-10-28,260.105927,274.806396,261.149780,265.410858,3107818242
2019-10-29,264.281952,295.468536,265.384338,288.957550,4123613696
2019-10-30,285.736084,303.614349,289.190887,290.628174,3583344209
2019-10-31,274.427551,296.560608,290.400757,284.476654,2933178100
2019-11-01,274.111328,284.489502,284.489502,279.137360,2375427805
2019-11-02,278.975769,295.225311,279.215271,290.716461,2353771063
2019-11-03,283.728363,303.130859,290.733612,292.710571,2598715593
2019-11-04,286.837769,293.979645,292.800903,291.846619,2478124574
2019-11-05,287.929321,295.797455,291.776245,293.706879,2269171137
2019-11-06,292.639679,307.362732,293.464386,306.228699,2418826077
2019-11-07,289.445557,306.674683,306.293488,293.504089,2183103768
2019-11-08,274.301178,294.611633,293.826294,277.978607,2226108792
2019-11-09,277.876282,284.104279,277.899048,282.744171,1689515654
2019-11-10,281.317505,296.035339,282.730652,293.475494,2125907737
2019-11-11,284.393036,297.010620,293.567719,287.158600,1873466817
2019-11-12,284.547302,291.642487,287.176147,289.241455,1840497856
2019-11-13,284.087616,289.661072,289.043060,286.493469,1555824951
2019-11-14,277.435791,287.013885,286.239929,279.559814,1835340820
2019-11-15,264.035645,280.273651,280.070984,264.710205,1918658721
2019-11-16,263.398682,269.504333,264.956879,267.697418,1481946683
2019-11-17,264.396881,274.040070,267.705963,268.743195,1565942482
2019-11-18,246.325043,269.799316,268.467194,250.184082,2115048013
2019-11-19,236.826660,253.917419,250.165176,244.406204,2131441345
2019-11-20,241.518631,248.619461,244.335175,244.240631,1805761006
2019-11-21,222.456680,246.815308,244.201462,226.598877,2401952813
2019-11-22,198.152054,229.255020,226.701431,208.927277,3382940612
2019-11-23,202.892075,217.363525,209.095230,217.338364,2407778555
2019-11-24,205.136856,217.908997,217.289841,205.148804,2128845957
2019-11-25,194.761307,215.295914,205.237259,209.235123,2401604928
2019-11-26,208.345657,214.931778,208.784485,212.933975,1808857014
2019-11-27,206.612900,224.122803,212.358475,220.414063,1963457159
2019-11-28,218.582809,226.242645,220.123062,218.737946,1391327826
2019-11-29,218.442276,225.687576,218.887650,224.808380,1475684082
2019-11-30,217.427170,226.757370,224.977081,218.907867,1309092627
2019-12-01,212.499222,219.257553,218.988754,216.169647,1260404762
2019-12-02,212.360962,218.923431,216.377457,215.657471,1164376888
2019-12-03,211.619522,217.162064,215.504471,212.858826,1072206668
2019-12-04,205.889679,216.604507,212.676773,209.294785,1441054845
2019-12-05,206.931229,221.656448,209.215042,213.289276,1198480068
2019-12-06,210.403137,215.268509,213.375961,213.216705,1119431926
2019-12-07,212.408188,215.809875,213.781906,212.649872,1042909181
2019-12-08,210.961639,216.946274,212.926514,214.356384,1048971273
2019-12-09,208.236633,215.434662,214.055054,209.851761,1168994670
2019-12-10,206.172684,210.093781,209.830307,208.299561,1171037352
2019-12-11,206.463913,209.953964,208.096283,207.180969,1091099892
2019-12-12,205.332687,208.798737,207.424683,207.712036,1276162238
2019-12-13,206.485382,212.819046,207.721344,211.089890,1255832120
2019-12-14,206.421082,213.228455,211.237427,207.495361,1248149986
2019-12-15,200.814392,209.966080,207.462631,207.364822,1364339247
2019-12-16,195.693878,208.400284,207.544952,197.145920,1613646363
2019-12-17,175.245728,198.110229,197.117279,177.407898,1772467634
2019-12-18,172.947327,190.681625,177.261627,189.734131,2471323830
2019-12-19,183.206039,191.990128,189.399719,187.632584,2025407707
2019-12-20,185.911148,190.806458,187.681656,188.171249,1409786653
2019-12-21,186.352936,189.255081,188.222443,187.740875,1267951911
2019-12-22,187.073395,197.678986,187.444519,196.661774,1549039085
2019-12-23,189.912231,197.610870,196.286713,190.519760,1744349961
2019-12-24,187.341171,194.129929,190.744690,189.497528,1514958689
2019-12-25,185.491348,190.301605,189.722153,187.177322,1671819392
2019-12-26,185.531281,192.999832,187.273712,188.561386,1309782083
2019-12-27,187.182724,204.708252,188.319550,203.327469,2017127633
2019-12-28,203.114578,209.940735,203.288681,206.410980,1909698747
2019-12-29,205.041382,215.501892,206.247955,212.955856,1856273467
2019-12-30,207.411667,215.993225,212.883011,209.404770,1804979491
2019-12-31,202.044785,214.237915,209.301987,204.623169,1713535483
2020-01-01,203.205154,208.077515,204.671295,204.397537,1456113692
2020-01-02,194.069809,205.136749,204.354538,195.698563,1432801807
2020-01-03,192.979492,224.950867,196.007690,222.412979,2644279656
2020-01-04,220.280914,227.460526,222.536560,226.018692,1861485049
2020-01-05,222.352692,228.219299,225.779831,224.096527,1681830248
2020-01-06,223.691818,245.106125,224.347916,244.557205,2328224536
2020-01-07,234.176788,245.844925,244.713013,243.258499,2234914578
2020-01-08,234.393234,251.297302,243.079208,241.055222,2424659797
2020-01-09,232.347992,243.047394,240.998032,239.222610,1908677851
2020-01-10,232.635971,271.767670,239.551620,270.725281,2986773814
2020-01-11,259.810272,276.633636,270.197205,260.679993,2487051623
2020-01-12,259.281219,269.070862,261.100281,268.237061,2168514332
2020-01-13,261.871155,270.765594,268.412506,267.522827,1884541173
2020-01-14,267.531128,364.158081,267.644165,350.263519,6618289058
2020-01-15,319.009216,358.816528,348.717316,339.395325,5240635087
2020-01-16,311.562805,341.237610,339.682098,325.978485,3652947113
2020-01-17,320.618866,379.683655,326.375122,366.976990,5128628377
2020-01-18,334.835388,398.892731,367.408844,339.116272,6041778648
2020-01-19,323.112030,362.146088,338.400177,338.305115,4458226713
2020-01-20,325.282288,351.843414,338.119385,343.807159,3361586387
2020-01-21,334.703247,346.536438,343.510284,343.421783,2658918440
2020-01-22,339.616882,352.007477,343.369995,347.231323,2468426687
2020-01-23,319.287964,348.394501,347.497925,324.868011,2722405196
2020-01-24,299.956085,327.375305,325.167755,319.520905,3346887042
2020-01-25,305.487732,319.401459,319.376251,311.358337,2169791084
2020-01-26,308.548737,347.743195,310.995911,346.997864,3192088890
2020-01-27,346.531006,374.860901,346.890045,362.649323,4123924761
2020-01-28,360.502472,382.775146,362.653137,378.859131,3916343793
2020-01-29,378.297974,393.783356,379.103088,381.523529,3987047015
2020-01-30,373.534821,395.555206,380.861572,392.972137,4055518921
2020-01-31,366.595123,393.803558,392.830170,375.389557,3667538280
2020-02-01,374.601318,387.385590,375.066589,381.013367,3218496040
2020-02-02,370.806549,388.385437,380.253479,378.273010,3246254490
2020-02-03,375.861969,389.454681,377.937225,383.878693,3410323023
2020-02-04,374.658997,387.160431,383.758209,380.599976,3143637424
2020-02-05,379.157166,442.098480,380.718933,442.008148,5289083000
2020-02-06,427.786804,445.928162,442.341278,442.785919,4860546337
2020-02-07,433.949463,454.012573,442.566193,439.753418,4461219818
2020-02-08,427.800659,451.279175,439.701294,443.506317,4419573713
2020-02-09,438.732971,458.011871,443.068298,449.813599,4503926958
2020-02-10,439.068237,457.945923,449.911713,452.887512,4615609704
2020-02-11,441.829071,463.737061,452.992950,461.258179,4555794105
2020-02-12,461.098480,479.665131,461.172333,475.480530,5045367008
2020-02-13,461.263062,482.795715,475.063934,474.317993,5008241277
2020-02-14,467.232941,493.028107,474.473053,491.160645,5065237281
2020-02-15,433.626190,492.670197,491.100311,437.664948,5190427957
2020-02-16,393.825836,455.382629,438.877502,415.940643,5449550841
2020-02-17,372.604370,416.808167,415.050110,409.344574,6803728992
2020-02-18,387.883972,423.483002,409.634888,418.874176,5886874448
2020-02-19,378.708435,421.656647,419.097107,382.219421,4542003340
2020-02-20,361.748322,386.326050,381.300476,372.481598,6890851156
2020-02-21,369.545807,385.395233,372.287872,379.397186,4836161572
2020-02-22,369.832520,380.342041,379.804565,373.833130,3527159322
2020-02-23,373.074554,401.635529,373.757294,401.635529,4162646980
2020-02-24,367.027069,410.405518,401.399628,377.578583,4914188970
2020-02-25,348.124512,377.497375,377.163666,353.977448,4606854507
2020-02-26,307.838501,359.051849,353.978546,316.644135,6763748571
2020-02-27,308.721558,332.853790,318.046478,323.285675,5287840793
2020-02-28,301.705048,328.672485,323.121216,313.627533,5138037107
2020-02-29,306.912323,321.069794,313.925415,308.326233,3835560261
2020-03-01,305.877533,321.915894,308.260498,313.303467,4048910843
2020-03-02,311.524139,340.652527,313.323303,336.793274,19808528742
2020-03-03,323.676758,337.591003,336.911896,329.238251,29574589033
2020-03-04,313.571198,330.959473,329.529175,319.250092,10228558602
2020-03-05,319.315643,342.562683,319.315643,337.244812,4756771998
2020-03-06,334.174866,351.495819,337.394775,348.893494,4856222089
2020-03-07,330.387207,349.634460,349.176788,330.806122,3875979762
2020-03-08,274.514740,331.131561,331.012970,276.199799,4940601444
2020-03-09,255.105194,279.041718,275.961548,273.207123,5692575812
2020-03-10,265.661835,277.154144,273.517059,271.715240,4070679142
2020-03-11,253.383377,273.937592,271.844421,266.855469,3633629631
2020-03-12,150.858902,266.917694,266.753479,152.224991,5267287206
2020-03-13,139.216644,187.879303,152.176651,176.494720,7430982761
2020-03-14,165.053436,180.144424,177.124573,167.584717,3542066431
2020-03-15,166.020264,187.476288,167.560379,178.311279,3000089521
2020-03-16,152.296555,183.164017,178.196838,170.736649,4079544956
2020-03-17,170.545319,185.097107,171.050674,180.326385,3314225864
2020-03-18,171.398529,182.529739,179.778473,179.092331,2984002272
2020-03-19,177.777161,229.176819,178.924759,221.268555,5208693462
2020-03-20,198.273880,242.512756,221.477356,214.424942,5643988214
2020-03-21,209.300186,225.139130,214.397461,219.367508,4157945375
2020-03-22,202.991180,229.779892,219.599045,203.672287,4015953536
2020-03-23,200.744995,219.850739,203.528076,219.330475,4187958180
2020-03-24,218.090347,229.325882,219.824356,227.246094,3821906574
2020-03-25,215.917816,228.288177,227.405396,220.440353,3456700025
2020-03-26,220.528885,226.855225,220.528885,226.823120,3364466566
2020-03-27,216.984634,232.072464,226.956131,217.583344,3273866630
2020-03-28,205.440155,217.335297,217.335297,214.224670,3419855738
2020-03-29,205.657272,216.026337,214.134766,206.463501,2748237987
2020-03-30,206.202316,224.103775,206.362671,221.538101,3193929370
2020-03-31,217.474976,223.577682,221.212219,219.627594,2933494164
2020-04-01,213.353592,224.020950,219.263901,224.020950,3197608308
2020-04-02,223.215851,242.664276,223.894241,232.652786,4225298020
2020-04-03,231.572708,241.361298,232.513519,235.813339,3713212644
2020-04-04,233.081619,239.318863,235.862167,238.819336,3145975504
2020-04-05,228.137573,239.705811,238.751892,231.997986,3000506532
2020-04-06,231.690063,256.049805,231.933960,255.919510,4488196701
2020-04-07,249.309006,262.775818,256.257111,252.057327,4141693728
2020-04-08,250.191040,277.651398,252.052689,266.239716,5490182226
2020-04-09,254.657104,272.531708,266.408417,257.481598,3810256863
2020-04-10,229.190201,258.992615,257.403595,233.090820,4209340295
2020-04-11,223.882858,239.397598,233.033707,232.053436,3375116763
2020-04-12,228.672485,241.848068,232.293472,235.791962,3302348952
2020-04-13,218.164032,235.972427,235.972427,223.851898,3773119195
2020-04-14,221.149567,228.103363,224.065994,221.970337,3488071916
2020-04-15,214.978241,224.707275,222.097305,215.506866,2913397511
2020-04-16,209.521667,238.191040,215.586227,235.592773,4494166640
2020-04-17,null,null,null,null,null
2020-04-18,233.526199,245.785767,233.670242,243.078995,3305881530
2020-04-19,233.538971,246.798523,243.047226,233.588791,3151276767
2020-04-20,219.039627,239.670578,233.436096,221.568283,3451593161
2020-04-21,218.262482,223.863907,221.325760,221.747437,3200278407
2020-04-22,220.194107,234.999664,221.632660,233.299850,3269706986
2020-04-23,228.065384,240.986252,233.469818,236.595947,3933867096
2020-04-24,236.766190,241.878662,236.913788,239.768692,3222729325
2020-04-25,238.106598,244.375885,239.760696,239.717865,3228034423
2020-04-26,239.329239,248.051880,239.642807,246.265579,3598384103
2020-04-27,237.486740,248.653503,246.353577,243.271652,3957867549
2020-04-28,239.757339,244.313324,243.268631,243.700989,3253434689
2020-04-29,242.356491,259.784821,243.785400,257.492432,4812318624
2020-04-30,247.414795,275.158203,257.410553,249.842957,5464514305
2020-05-01,249.936188,261.673431,249.936188,257.228241,3502984887
2020-05-02,253.757568,262.210663,257.231567,261.978973,3062945430
2020-05-03,247.861740,266.568176,261.971130,252.544479,3830272430
2020-05-04,240.401459,253.261719,252.428558,245.469772,3731133845
2020-05-05,241.846863,249.234207,245.409424,244.592316,3335620972
2020-05-06,242.983215,254.116684,244.313522,245.816116,3315416831
2020-05-07,241.035522,256.091705,245.893539,252.661285,3669677517
2020-05-08,247.607681,264.841736,252.520874,261.440796,3977784265
2020-05-09,259.682861,274.464172,261.045898,266.137299,4711612711
2020-05-10,225.960922,266.380554,266.380554,232.797882,5084650413
2020-05-11,221.535370,236.409821,232.990479,234.954590,4251733844
2020-05-12,230.690887,237.666977,235.342346,233.119675,3319282598
2020-05-13,230.909943,240.228577,233.075500,239.160126,2955784580
2020-05-14,235.530014,244.167831,238.776077,241.856796,3882506405
2020-05-15,233.647675,242.269775,241.791046,235.513962,3128349198
2020-05-16,234.127502,239.911362,235.544708,236.646011,2812165778
2020-05-17,236.043579,244.961456,236.522720,241.192062,2945657400
2020-05-18,240.948257,253.194946,241.313934,247.825302,3247380685
2020-05-19,243.069550,249.869232,247.944763,245.932434,2843744723
2020-05-20,237.713928,247.267700,245.769226,239.522751,2793413864
2020-05-21,222.353149,241.622482,239.482574,228.395905,3084097042
2020-05-22,225.874481,235.452499,228.357727,234.503189,2690376408
2020-05-23,232.349731,238.535355,234.558792,234.977356,2403159772
2020-05-24,224.744217,237.031174,234.989883,224.832199,2576633240
2020-05-25,223.153809,231.739899,224.489334,230.563828,2405283865
2020-05-26,224.519287,230.919098,230.561844,227.220871,2604514395
2020-05-27,226.866913,234.030792,227.278503,233.520950,3107896651
2020-05-28,230.639542,239.992401,233.579239,239.407532,3295793176
2020-05-29,235.639114,242.358521,239.461807,238.148346,3328065949
2020-05-30,236.240372,251.767197,238.174561,251.299530,3987199933
2020-05-31,238.763519,251.279800,251.279800,239.877029,3391410580
2020-06-01,239.109161,256.042175,239.847229,255.352188,3467571665
2020-06-02,245.818100,266.468323,255.151398,249.053223,4553495543
2020-06-03,246.543671,252.144287,249.061752,252.063614,3089648824
2020-06-04,248.813019,258.750122,252.138412,256.684814,2675520555
2020-06-05,255.727539,262.263275,256.691559,256.755402,2284892761
2020-06-06,252.068390,259.129395,256.749908,253.270157,1789267443
2020-06-07,246.887772,255.691193,253.310196,254.335144,2029755285
2020-06-08,251.941696,256.812469,254.238190,255.118301,1911457074
2020-06-09,252.121078,256.047729,255.124939,255.304413,2495377513
2020-06-10,253.849350,257.967102,255.295731,257.252594,1751487317
2020-06-11,235.279175,258.051117,257.233185,236.437286,2357578052
2020-06-12,235.131409,243.866211,236.432358,242.238785,1575407714
2020-06-13,238.485428,242.455521,242.282715,241.161163,1249523526
2020-06-14,237.413742,241.184174,241.115738,238.761963,1293145682
2020-06-15,226.234482,239.448853,238.761963,236.271774,1735535133
2020-06-16,235.656616,239.389145,236.251266,237.528763,1436709293
2020-06-17,235.842331,241.640045,237.545914,240.453629,1423308166
2020-06-18,234.231842,240.720734,240.453629,236.962372,1297367924
2020-06-19,231.518738,237.225311,236.947449,232.331207,1539773469
2020-06-20,228.635880,236.043900,232.514145,231.904541,1456119912
2020-06-21,231.063004,234.883881,231.623413,231.286697,1140422501
2020-06-22,231.047867,242.601791,231.230240,239.789688,1747834935
2020-06-23,235.631973,243.854523,239.878082,240.808456,1205235951
2020-06-24,231.190750,245.065659,241.052216,233.155792,1318424526
2020-06-25,228.540619,234.563782,233.098480,232.413620,1119333309
2020-06-26,229.179092,234.324722,233.011444,230.107697,1354186233
2020-06-27,214.193710,232.449738,229.804489,218.408920,1254377553
2020-06-28,214.874084,225.662781,219.011230,222.712219,1103240861
2020-06-29,219.170776,226.421417,222.717957,225.197021,1220387625
2020-06-30,220.743744,226.310822,224.921936,221.991684,1035300969
2020-07-01,221.291840,226.897522,222.566727,223.686432,1116192161
2020-07-02,219.461655,225.407104,223.777618,222.303772,1091433602
2020-07-03,220.154694,223.986862,222.283478,221.562531,945457250
2020-07-04,220.448059,226.144302,221.397781,225.327682,990572133
2020-07-05,217.692734,225.355194,224.645355,221.843277,1008979533
2020-07-06,221.501755,242.631027,221.843277,241.632095,1611378435
2020-07-07,235.455170,242.727112,240.205811,237.146729,1177038173
2020-07-08,236.194870,245.213623,237.190399,243.230209,1394567310
2020-07-09,234.935684,244.332611,243.077271,238.855850,1232428952
2020-07-10,233.037445,239.336349,238.732315,237.920242,1123218900
2020-07-11,235.549957,238.854324,237.960480,236.662216,839280887
2020-07-12,234.271515,238.807556,236.699432,236.769058,896740451
2020-07-13,228.563873,237.222061,236.769058,232.428650,1208729132
2020-07-14,227.808838,232.379990,232.294052,230.007889,1138634120
2020-07-15,226.326324,230.641739,229.976791,227.271515,997085718
2020-07-16,220.227829,228.005630,227.292206,224.015839,1147931868
2020-07-17,222.248764,224.878754,224.032913,222.807755,941024161
2020-07-18,222.372299,226.654678,222.787491,224.252899,869975905
2020-07-19,221.472702,227.728088,224.196640,227.096436,955372849
2020-07-20,221.556412,227.616653,227.118362,222.754318,952296138
2020-07-21,222.201172,231.231323,222.707840,229.562057,1159452662
2020-07-22,227.906174,238.695038,229.574463,238.695038,1234729239
2020-07-23,236.315659,241.711273,238.788208,237.554047,1350739708
2020-07-24,233.482071,238.700073,237.760956,235.516464,1193524031
2020-07-25,235.178131,251.901672,235.441925,249.510101,1648365419
2020-07-26,244.808594,255.468338,249.827667,246.824432,1674308833
2020-07-27,246.812912,273.401459,246.819565,267.427612,2488636345
2020-07-28,265.742920,295.446930,268.387604,288.552094,2732696107
2020-07-29,286.047455,293.694977,288.803040,288.374146,1920329028
2020-07-30,282.510986,298.869507,288.469543,292.194183,1910379360
2020-07-31,287.651031,304.597870,291.985535,300.504517,1905797789
2020-08-01,298.139771,319.180328,300.504517,317.996460,2447916240
2020-08-02,278.130524,334.783600,318.419067,283.781982,3364496979
2020-08-03,282.257294,303.122437,283.911407,296.535248,2060352679
2020-08-04,284.045044,301.598236,296.531219,288.385864,1888924124
2020-08-05,285.802673,298.368073,288.384064,294.486633,1871748593
2020-08-06,289.170929,318.467560,294.406311,308.760315,2448845324
2020-08-07,291.004791,324.773895,308.629120,303.458588,3075582968
2020-08-08,300.080444,309.724091,303.440491,304.478882,1778961459
2020-08-09,295.309509,309.341095,305.258942,300.400848,1629018370
2020-08-10,298.511902,309.093597,300.380096,302.585541,1900620718
2020-08-11,274.539032,305.494720,302.635651,282.946259,2096741327
2020-08-12,274.434601,292.511932,283.059753,287.606781,1888602267
2020-08-13,276.356293,300.090179,287.654297,299.516388,1979906897
2020-08-14,291.106018,301.286224,299.469238,293.398041,1873594486
2020-08-15,293.260529,306.795044,293.260529,303.004211,1976925925
2020-08-16,297.851776,312.124481,303.013733,307.865295,2025998808
2020-08-17,303.188538,323.122162,307.865295,317.298767,2314759458
2020-08-18,304.174988,323.098450,317.349426,304.174988,1935254637
2020-08-19,283.906433,308.554504,304.287415,292.698578,1892818478
2020-08-20,290.223663,295.810760,292.697113,294.791626,1275491257
2020-08-21,283.998688,304.518982,294.732330,284.298248,1676078293
2020-08-22,278.771484,287.458710,284.249695,287.362427,1270186095
2020-08-23,280.303619,287.385376,286.910675,284.957062,1031635458
2020-08-24,283.376740,293.772766,285.069336,291.325958,1211774706
2020-08-25,271.808136,291.627045,291.366364,276.799194,1464994914
2020-08-26,271.974762,278.717377,276.621613,275.571014,1147215569
2020-08-27,260.733734,277.053284,275.422852,264.584320,1372140072
2020-08-28,262.424438,271.669403,264.675629,268.914703,1147885582
2020-08-29,267.193848,272.613037,269.112976,268.954285,1116848741
2020-08-30,268.568451,279.069550,268.842865,279.069550,1161105104
2020-08-31,273.817444,280.959473,279.280426,274.543182,1163683245
2020-09-01,270.779419,295.448425,274.480865,292.719788,1755312158
2020-09-02,258.740814,294.542572,292.428619,264.118622,2049397876
2020-09-03,214.003326,265.941315,264.091492,216.062408,1891347861
2020-09-04,215.017456,239.189819,215.617004,231.874603,2130928347
2020-09-05,216.575668,234.968842,231.643173,225.300812,3128814772
2020-09-06,220.775482,232.962662,225.300812,228.453278,2533324540
2020-09-07,216.878799,230.071213,228.351196,228.608948,2767464423
2020-09-08,217.583511,230.377762,228.670380,222.536987,2444380275
2020-09-09,219.344330,228.601334,222.558243,224.676956,1619487057
2020-09-10,224.616302,230.256195,224.686340,227.713486,2007978798
2020-09-11,221.316803,228.332764,227.713486,225.537720,1769308088
2020-09-12,223.100143,230.293839,225.560928,230.293839,1588108882
2020-09-13,219.781158,234.189148,230.293839,221.826004,2008902148
2020-09-14,220.121078,230.894638,221.833267,226.264236,2125300854
2020-09-15,225.687881,241.228531,226.400970,235.629379,3148522136
2020-09-16,227.798233,235.997162,235.742462,231.771515,2513150071
2020-09-17,230.600357,239.276627,231.585968,233.167465,2356975266
2020-09-18,231.533524,238.985535,233.167465,234.208633,1967062407
2020-09-19,232.287888,237.233246,234.092819,233.628265,1761438254
2020-09-20,223.327774,233.755814,233.643661,226.415710,1665443818
2020-09-21,211.028732,228.898254,226.649826,213.515656,1708443759
2020-09-22,211.985275,220.088669,213.498474,220.034225,987166460
2020-09-23,205.660004,220.223267,220.169220,208.165131,955711724
2020-09-24,207.206268,217.883087,208.178619,216.693863,974113730
2020-09-25,211.649918,218.182892,216.701096,216.659714,923925188
2020-09-26,214.175125,223.689041,216.818146,221.877838,936709143
2020-09-27,217.619110,230.148087,221.871399,229.073975,1130247800
2020-09-28,226.204758,233.880249,229.073975,226.351013,1422003212
2020-09-29,225.349731,229.826614,226.166641,229.235947,1071794544
2020-09-30,225.985565,230.772614,229.209732,228.100922,1055011384
2020-10-01,222.816116,233.111969,228.210052,228.157867,1316717680
2020-10-02,214.629974,228.340820,228.077759,220.188232,1430714877
2020-10-03,219.269882,221.683380,220.219833,219.742188,785032604
2020-10-04,218.117264,223.258179,219.728531,221.806549,891670097
2020-10-05,219.879150,223.076538,221.771667,222.385849,852614530
2020-10-06,218.018600,229.109680,222.332626,220.443756,1414548623
2020-10-07,217.920425,223.785553,220.443756,223.555847,975538933
2020-10-08,222.142593,235.800735,223.496002,233.944672,1517227962
2020-10-09,null,null,null,null,null
2020-10-10,236.496933,245.214767,237.299866,237.323517,1900960677
2020-10-11,236.824417,243.073120,237.507309,239.669846,1819533632
2020-10-12,null,null,null,null,null
2020-10-13,null,null,null,null,null
2020-10-14,251.133789,259.504913,253.631470,259.133484,2389412354
2020-10-15,255.795044,265.232788,259.179047,261.384735,2590009260
2020-10-16,247.455521,265.969635,262.165070,250.325409,3025371472
2020-10-17,243.512909,252.437149,250.794022,246.319931,2077377477
2020-10-18,245.343872,250.686203,246.102432,249.812164,1693057793
2020-10-19,246.826416,252.422302,249.835083,250.709793,1823030809
2020-10-20,240.888077,250.732895,250.732895,242.845551,2230433445
2020-10-21,242.480530,262.810425,242.814026,258.514587,3164562404
2020-10-22,258.117950,272.095764,258.229065,266.472626,3250753926
2020-10-23,263.559662,274.689545,266.626678,270.314667,2740574138
2020-10-24,267.768311,276.451172,270.314789,275.122009,2049345141
2020-10-25,268.162994,275.255646,275.122009,271.079437,2158858954
2020-10-26,254.488998,272.636597,271.079468,259.782593,2851175628
2020-10-27,257.486603,267.633484,259.782532,264.539429,2718701859
2020-10-28,259.750549,279.133881,264.539581,268.489716,3670734190
2020-10-29,258.674622,271.242920,268.490204,267.056061,2670911240
2020-10-30,256.430389,269.542145,267.056793,261.828125,3032354182
2020-10-31,259.806030,265.492676,261.828125,261.758240,2021384093
2020-11-01,260.105957,269.495972,261.758240,267.555817,1785981045
2020-11-02,255.188477,270.826324,267.554413,257.199707,2473366490
2020-11-03,236.866760,258.704041,257.199005,244.146835,2902353056
2020-11-04,232.355469,244.535904,244.146500,241.130096,2602972773
2020-11-05,241.142044,251.629700,241.142044,249.547318,2296534780
2020-11-06,248.193253,259.037781,249.546494,257.720184,2307792598
2020-11-07,246.757843,276.048553,257.720367,253.590408,3306975309
2020-11-08,251.566406,276.944916,253.590408,270.697784,1964488513
2020-11-09,258.458679,273.359192,270.697876,263.981323,1926205001
2020-11-10,255.220413,265.952820,263.986755,257.351807,1590780216
2020-11-11,256.628174,262.299469,257.351501,257.121490,1483145652
2020-11-12,252.630585,264.354340,257.119507,259.821533,1691361924
2020-11-13,249.883408,262.104309,259.820892,259.171783,2159730843
2020-11-14,254.180328,261.595551,259.171783,255.769043,2131937376
2020-11-15,239.394867,259.910858,255.769043,241.368027,2400160029
2020-11-16,234.323471,252.938309,241.368027,250.139297,2443954097
2020-11-17,249.549622,257.569763,252.353943,255.288528,1738784593
2020-11-18,242.983246,257.716034,255.287079,247.126053,2327656295
2020-11-19,241.689377,250.456894,247.124817,246.270081,1254227175
2020-11-20,245.713440,259.012207,246.268433,258.854889,1873696045
2020-11-21,256.657806,304.786163,258.854889,301.924805,5765585961
2020-11-22,274.708954,309.362091,301.924805,286.993408,4952111958
2020-11-23,282.404602,323.268188,286.993500,323.025818,5309099342
2020-11-24,321.174713,367.951477,323.013367,345.605133,7685446495
2020-11-25,303.408356,359.436340,345.612457,312.777557,5131050362
2020-11-26,253.283020,319.140411,312.639465,270.510742,4922338888
2020-11-27,258.034943,278.247864,270.585052,264.955322,2947138216
2020-11-28,261.722961,282.559784,264.989258,275.571289,2623903532
2020-11-29,272.072693,287.105255,275.578888,283.931488,2155292211
2020-11-30,280.344360,320.971893,283.921997,316.420197,3892204636
2020-12-01,280.103973,319.770660,316.477203,288.135834,4197968842
2020-12-02,282.099854,297.045959,288.166443,294.251068,2654055892
2020-12-03,286.101013,296.530060,294.274323,292.295349,1932456432
2020-12-04,278.552460,305.747528,292.294128,280.708069,2806192319
2020-12-05,275.802460,289.308594,280.668121,289.308594,1781606883
2020-12-06,279.881805,292.521210,289.317963,286.356110,1662530478
2020-12-07,281.468079,290.148468,286.339539,283.894714,1571228768
2020-12-08,264.465210,284.886078,283.910126,267.548462,1804265825
2020-12-09,255.869843,270.979797,267.539429,268.709961,2258287289
2020-12-10,261.669250,269.134216,268.697174,265.980682,1528530540
2020-12-11,256.436035,265.998627,265.998627,259.331024,1988724958
2020-12-12,258.628632,269.463867,259.307495,267.714569,1470417816
2020-12-13,266.072174,281.924347,267.728668,275.348511,1616017414
2020-12-14,266.532684,279.293396,275.378021,276.553101,1523697597
2020-12-15,271.697632,298.461212,276.566101,288.394379,2965318993
2020-12-16,282.748322,311.543182,288.432556,311.419037,3505656634
2020-12-17,303.945587,329.884155,311.446442,310.301575,5145542717
2020-12-18,305.335602,322.072968,310.344269,312.779449,3694943234
2020-12-19,309.777191,324.759033,312.778564,318.247925,3474653628
2020-12-20,311.728516,366.973663,318.233826,348.160553,6066519346
2020-12-21,311.171478,378.174072,348.319824,314.488922,7569828152
2020-12-22,301.192108,323.886505,314.394928,323.886505,5764317548
2020-12-23,267.860596,325.452850,323.771881,274.148407,6488304103
2020-12-24,272.326233,298.060669,274.238739,296.282959,5354778111
2020-12-25,293.637207,323.944183,296.292450,318.342316,5540322692
2020-12-26,310.955811,329.187683,318.384003,322.829895,5382110131
2020-12-27,313.549683,362.267944,322.857727,338.179962,7057534742
2020-12-28,337.172211,374.885681,338.306976,362.092041,6323801331
2020-12-29,331.907227,365.524963,362.086700,353.090637,5332139475
2020-12-30,342.961365,365.057617,353.110199,358.808014,4985121425
2020-12-31,336.806213,361.003235,358.768494,343.052643,3783477587
2021-01-01,334.560638,354.826416,342.979767,341.985657,3490086847
2021-01-02,334.569183,365.390564,342.026672,354.599945,4608719269
2021-01-03,354.650909,433.019073,354.650909,421.789856,7273123207
2021-01-04,387.911804,462.204559,422.066254,407.936920,8597472426
2021-01-05,393.809967,426.377014,407.964508,419.768127,6465746424
2021-01-06,413.555328,456.970947,419.811340,454.484131,6501368134
2021-01-07,432.840668,482.843964,454.471313,449.568726,8115564128
2021-01-08,409.351257,453.630493,449.594910,441.058228,8384177380
2021-01-09,420.353394,587.889526,440.986084,573.911377,11980066195
2021-01-10,557.835938,629.801208,574.373352,603.596252,18670984544
2021-01-11,407.030182,603.727051,603.727051,479.587341,15256193289
2021-01-12,446.114014,510.604401,479.279297,450.279663,8994820907
2021-01-13,438.045685,499.656891,450.387390,495.784760,6997508555
2021-01-14,485.843994,537.531250,495.806183,526.329529,7008145988
2021-01-15,457.602661,533.646545,526.475647,492.589844,7258747674
2021-01-16,475.658112,513.431763,492.502258,490.981628,6303545655
2021-01-17,463.638550,495.134491,490.968170,478.769806,4635690838
2021-01-18,470.642120,513.731079,478.810852,510.415314,4495156814
2021-01-19,503.822937,547.087036,510.401733,511.072266,6415459721
2021-01-20,474.035309,517.611206,510.813751,499.324493,6103579197
2021-01-21,407.828949,499.282440,499.282440,419.585144,6318951662
2021-01-22,396.023315,450.027008,419.467041,441.526489,5739209371
2021-01-23,420.107666,443.830109,441.274231,431.504730,4073070097
2021-01-24,424.001526,448.732513,431.463318,440.103333,3869930797
2021-01-25,432.680115,464.222809,440.045929,433.802490,5168935996
2021-01-26,415.117950,437.962067,433.728973,428.044342,5549601374
2021-01-27,371.102417,428.343842,428.025513,378.030151,6484712952
2021-01-28,372.314575,397.863373,378.050507,391.798309,5833018234
2021-01-29,392.324036,432.317017,414.437866,407.503296,7763515865
2021-01-30,392.941315,417.192902,407.464630,414.942108,5032998555
2021-01-31,391.738953,416.169861,415.046692,399.769928,3699019612
2021-02-01,390.409668,442.406250,399.760071,414.020447,5447738736
2021-02-02,411.078491,434.131714,414.032654,430.151428,4782082014
2021-02-03,430.150452,448.136078,430.150452,444.846069,4916862940
2021-02-04,414.031158,453.889191,444.897766,420.819641,4820122971
2021-02-05,419.260345,447.775177,420.795074,446.458893,4151940175
2021-02-06,445.191833,488.399445,446.500702,457.635590,7376227692
2021-02-07,430.315277,462.782898,457.593933,445.169678,5588458731
2021-02-08,437.063599,485.830750,445.078278,483.704132,6169936503
2021-02-09,475.285522,516.547424,483.685089,513.532715,7367014754
2021-02-10,471.522125,532.658630,513.446960,494.967773,7763853779
2021-02-11,491.187317,538.841187,494.867004,529.737366,6776342962
2021-02-12,514.346313,578.099670,529.597412,577.604309,7486531853
2021-02-13,546.241150,664.974487,577.552979,663.679382,10843656790
2021-02-14,652.936829,744.558350,663.949036,724.015686,14673194771
2021-02-15,622.751587,767.510010,723.892456,712.430542,15323317081
2021-02-16,672.881042,743.405884,712.140991,707.291504,10739148111
2021-02-17,678.718689,726.066528,707.302734,716.698242,8767701437
2021-02-18,692.519897,727.399414,716.664734,705.988464,4289327501
2021-02-19,684.864014,740.160339,706.005920,720.821899,5251329016
2021-02-20,637.599976,748.771667,720.705933,682.182434,6495825727
2021-02-21,668.637390,735.333435,681.869995,707.592407,5369155548
2021-02-22,545.149597,708.534424,707.528137,630.349854,7444078951
2021-02-23,417.316376,630.451660,630.236389,513.187378,8300802305
2021-02-24,498.777313,555.815857,513.560120,527.041382,5749984570
2021-02-25,496.912659,555.287292,527.034119,496.912659,4752439090
2021-02-26,460.484344,506.299164,497.307465,484.512238,5217285976
2021-02-27,475.107727,501.274506,484.582489,483.745331,3648759169
2021-02-28,436.742950,485.220825,483.719208,459.914490,4580690977
2021-03-01,458.764191,506.007416,459.955872,500.951385,3643964253
2021-03-02,494.748718,548.091187,500.843262,517.014160,4725184970
2021-03-03,512.715942,554.684875,517.037048,523.578674,3715621944
2021-03-04,495.017639,537.863342,523.490234,506.873260,3715844937
2021-03-05,474.870483,506.815765,506.815765,498.989807,3088964788
2021-03-06,484.019623,505.064545,498.913574,501.212708,2326475343
2021-03-07,500.797668,517.914001,501.228821,516.173523,2256359240
2021-03-08,502.262756,528.996887,516.181824,528.996887,2792447504
2021-03-09,524.487976,546.526184,529.013489,545.026001,2777424542
2021-03-10,519.540100,566.941589,545.029968,546.839600,3942104355
2021-03-11,532.015564,562.515198,546.696777,549.783203,4102967092
2021-03-12,515.493164,562.454102,549.815857,539.216492,4017236783
2021-03-13,522.942444,607.072388,539.244446,596.234802,4596011006
2021-03-14,557.757080,601.430969,596.080139,557.757080,3841351549
2021-03-15,519.753357,567.666687,557.575439,523.934753,3867342609
2021-03-16,505.473633,537.975037,523.894775,528.164001,3487143846
2021-03-17,513.753601,540.845520,528.192017,540.845520,2658649338
2021-03-18,525.386597,546.605225,540.874268,529.757385,2482168468
2021-03-19,519.774902,550.226868,529.705139,535.141235,2257159270
2021-03-20,532.940613,553.534607,535.081970,539.137573,2007491933
2021-03-21,518.130493,546.208923,539.122009,526.561096,1943933987
2021-03-22,512.019531,540.370178,526.603027,513.339233,2541092748
2021-03-23,511.603363,536.699646,513.407776,516.253174,2812731005
2021-03-24,461.579224,532.384155,516.173401,480.123322,2544422048
2021-03-25,460.623505,485.107880,480.024231,478.292206,2428634157
2021-03-26,475.369659,510.247925,478.210693,509.015289,2244829965
2021-03-27,490.591370,512.130371,509.017670,503.658783,1806636009
2021-03-28,494.220032,508.330322,503.659180,501.003601,1929011914
2021-03-29,496.183014,525.892883,500.934296,520.635803,2112034391
2021-03-30,514.731201,537.111328,520.620361,527.698242,2059097801
2021-03-31,509.532715,546.300781,527.765747,543.237854,3098623015
2021-04-01,533.946899,563.753174,543.257202,561.658264,3271470706
2021-04-02,551.832886,602.216553,561.590210,585.707458,3469842740
2021-04-03,536.676086,598.507385,585.656128,536.678833,3188458792
2021-04-04,532.048340,568.290955,536.573792,566.513062,2212661584
2021-04-05,562.162231,648.560974,566.640259,648.560974,4920959551
2021-04-06,626.131592,677.270264,649.078857,667.748596,5604369783
2021-04-07,601.890686,697.188416,667.356750,618.597534,6575528211
2021-04-08,613.772339,647.647156,619.054016,647.564087,3400288881
2021-04-09,630.773010,651.720032,647.592468,635.706726,2599328081
2021-04-10,630.326965,685.509399,635.457703,673.957581,3288833580
2021-04-11,675.523438,718.592712,676.878418,696.608459,3830293616
2021-04-12,657.990051,698.584839,694.905334,674.786255,2934933652
2021-04-13,670.956665,752.530762,674.618103,746.865356,4536646606
2021-04-14,746.972778,846.238586,746.972778,818.703430,7265770869
2021-04-15,801.155701,878.176575,816.701660,868.155518,5161090414
2021-04-16,827.977722,1170.734741,866.651306,1110.654297,13562048894
2021-04-17,1005.735657,1208.586182,1107.841919,1006.324219,11342338922
2021-04-18,833.982727,1024.783447,1003.963684,965.682617,11408448671
2021-04-19,877.401306,1038.072021,971.877686,894.128723,8210144054
2021-04-20,833.978943,967.587708,891.274719,940.986938,8030877946
2021-04-21,902.418640,996.223694,942.348938,913.905762,6416416471
2021-04-22,845.330688,969.877869,910.754211,854.077942,6610919178
2021-04-23,697.462830,872.471252,854.874329,838.847229,7204033430
2021-04-24,752.100891,840.376709,840.376709,769.175842,3509395352
2021-04-25,720.986206,804.558960,770.979980,757.708740,3257040348
2021-04-26,753.538086,850.169556,759.281006,849.470093,3760438246
2021-04-27,833.593994,891.011963,849.847778,887.862549,3620498787
2021-04-28,853.897644,928.216431,889.720703,909.845825,3864350281
2021-04-29,861.106689,913.148254,910.484070,880.665344,2631715599
2021-04-30,870.935303,999.565369,880.779602,993.425659,3816064836
2021-05-01,977.569763,1030.106934,995.359436,1005.080078,3302890217
2021-05-02,955.543274,1009.042053,1004.172729,974.655457,2712905992
2021-05-03,973.113403,1046.244873,974.300842,1017.299988,3514913500
2021-05-04,935.927673,1053.066895,1016.984314,955.182434,5581505479
2021-05-05,942.024780,1474.288086,951.869385,1454.935059,14081332554
2021-05-06,1275.957275,1597.654907,1454.490356,1505.765747,14871286058
2021-05-07,1279.020752,1509.110962,1509.110962,1343.247437,9450311296
2021-05-08,1325.171021,1444.728394,1342.436768,1402.368042,7091316071
2021-05-09,1289.467896,1428.528809,1398.551636,1428.528809,5982135477
2021-05-10,1239.093506,1565.984375,1427.767944,1321.401123,9778335896
2021-05-11,1305.301392,1547.425049,1321.576050,1542.425049,8507115276
2021-05-12,1209.806885,1635.149536,1549.232056,1209.806885,8940812629
2021-05-13,1138.836182,1342.406006,1237.958008,1251.692139,9987052496
2021-05-14,1227.956299,1358.966064,1255.058350,1298.664795,5514988209
2021-05-15,1166.716675,1331.105957,1298.560425,1170.348389,5304828008
2021-05-16,1101.821289,1279.673096,1171.168213,1168.729004,5122033903
2021-05-17,992.311584,1169.203735,1166.761108,1068.656860,6580396012
2021-05-18,1057.422119,1167.226685,1068.748901,1091.550171,4635705785
2021-05-19,507.729828,1110.525635,1093.357300,706.795837,10094456486
2021-05-20,622.545532,862.993408,698.481689,821.600525,8035772953
2021-05-21,608.199402,852.109741,819.837158,687.957153,7998797485
2021-05-22,604.669189,720.321960,689.670776,631.782227,5302068385
2021-05-23,469.727051,660.430115,631.414612,556.139771,6340421631
2021-05-24,540.705688,758.537170,554.344055,748.421692,5693828648
2021-05-25,673.547119,788.469055,752.503418,719.947815,5635417781
2021-05-26,709.170715,787.776794,720.520813,765.048828,3804200045
2021-05-27,702.633057,806.706421,764.836365,745.955078,3539930955
2021-05-28,655.043518,761.526550,749.491760,689.947876,4381620234
2021-05-29,619.981201,721.309998,689.553406,651.579956,3431855859
2021-05-30,619.018005,687.341919,651.909851,663.512024,2530933937
2021-05-31,637.130615,710.571045,662.733826,703.882568,2736460092
2021-06-01,670.506531,720.849243,703.401855,691.403870,2680399959
2021-06-02,675.876282,715.109741,691.181030,697.912964,2085428216
2021-06-03,689.205811,734.995300,698.243652,718.448181,2286280619
2021-06-04,645.658264,719.537415,719.245605,671.139160,2533308529
2021-06-05,636.732056,688.890259,671.631226,649.438354,2116275969
2021-06-06,646.399536,669.594238,649.761841,657.495728,1506122550
2021-06-07,594.236023,670.224487,656.870972,596.077881,1905638841
2021-06-08,545.180847,604.398865,596.839417,597.092285,2877121838
2021-06-09,567.780212,634.634521,596.090210,633.143494,2424388228
2021-06-10,591.910156,638.723938,633.947144,602.846130,1940156625
2021-06-11,571.809998,611.405029,602.611633,578.271545,1715350886
2021-06-12,549.895691,589.978699,578.750305,580.533142,1786736797
2021-06-13,560.099854,615.134399,580.489624,614.354919,1578903640
2021-06-14,600.449646,640.246338,613.849426,625.369507,1552154786
2021-06-15,617.982422,649.899475,637.448914,639.204590,1736113953
2021-06-16,591.179321,628.063171,628.063171,593.046631,1629936616
2021-06-17,585.654236,620.491638,593.291138,599.357910,1426459812
2021-06-18,546.919189,599.703552,599.703552,563.286804,1642573263
2021-06-19,553.480774,581.627747,563.976379,554.896729,1287962730
2021-06-20,516.160339,561.105042,553.901917,557.529602,1468001206
2021-06-21,455.375183,559.435303,556.513123,456.293457,2170476053
2021-06-22,390.002350,476.146393,455.737396,443.783264,2651277002
2021-06-23,430.044800,485.892639,444.243347,469.375641,1925034930
2021-06-24,457.011658,495.958008,473.377472,486.207886,1423583436
2021-06-25,450.064270,496.776855,487.115601,451.918152,1625824115
2021-06-26,429.425537,463.964294,450.744568,458.776184,1549850152
2021-06-27,447.867401,477.916931,459.337433,476.887299,1445433765
2021-06-28,473.368103,516.450745,477.548187,500.670563,1466070100
2021-06-29,500.387634,546.615112,501.242767,522.271362,1747410969
2021-06-30,499.342621,533.682312,523.698120,526.295837,1693524407
2021-07-01,487.296112,526.420227,526.420227,498.193573,1766801086
2021-07-02,476.852844,503.970154,496.732788,496.349762,1204691392
2021-07-03,489.528564,514.319946,496.156158,505.319977,1158357445
2021-07-04,495.925415,539.774963,505.223785,526.429688,1413797953
2021-07-05,490.624237,526.864868,526.767578,505.055450,1522255823
2021-07-06,500.918182,525.485352,504.818329,511.667114,1393837450
2021-07-07,505.756989,537.083069,511.526672,508.864532,1584424878
2021-07-08,481.032318,510.511963,509.715057,490.991058,1592605743
2021-07-09,472.187561,509.754456,490.351379,504.062988,1339952027
2021-07-10,485.472382,510.884277,504.268341,497.499969,1170722352
2021-07-11,490.328613,503.638763,497.219330,498.213715,1157460252
2021-07-12,472.292297,508.206818,498.379761,480.844757,1336050112
2021-07-13,460.944153,484.797211,480.567383,465.414917,1075661865
2021-07-14,445.821594,477.846924,465.613281,467.726837,1264474725
2021-07-15,445.177826,473.823578,467.758942,454.633606,1424146487
2021-07-16,438.401337,464.465576,455.222443,439.782776,1359916782
2021-07-17,432.394440,446.899536,439.214966,437.037598,1235721953
2021-07-18,434.542114,453.049225,437.084808,439.650604,1210002751
2021-07-19,414.677856,442.235504,439.108551,415.691406,1131995857
2021-07-20,386.144745,422.005219,415.886780,399.570984,1262285193
2021-07-21,393.375885,435.894012,399.277161,430.435516,1201512019
2021-07-22,425.517822,445.672028,430.947815,442.822571,1052930154
2021-07-23,432.898621,456.428619,442.969910,455.783173,1029413293
2021-07-24,451.868011,464.919281,455.617310,460.147278,999410253
2021-07-25,442.864716,460.636810,460.077850,456.024658,1073715842
2021-07-26,454.794312,517.581421,456.148438,482.883301,2193059616
2021-07-27,468.754761,504.269043,482.184601,502.295166,2011970102
2021-07-28,492.150970,518.853027,502.956848,510.144501,2185235852
2021-07-29,500.830017,546.471130,511.289032,538.303162,2034974540
2021-07-30,519.206909,553.026733,538.491821,552.738708,1984238398
2021-07-31,537.751404,556.788025,552.595398,547.803284,1666655419
2021-08-01,520.366394,562.942810,546.724060,527.841614,1984049270
2021-08-02,521.313354,564.804382,526.871399,543.988464,2135592385
2021-08-03,523.527771,551.337769,543.649048,536.993713,1987312144
2021-08-04,525.524353,550.724304,537.426086,545.966003,1831281602
2021-08-05,524.000732,550.510376,545.665771,548.598145,2062386765
2021-08-06,537.662170,560.555542,548.542419,556.442932,2137867461
2021-08-07,554.256531,589.750366,557.094788,583.125732,2381262602
2021-08-08,555.291809,589.005249,583.760681,556.096313,2176765949
2021-08-09,544.186035,600.419617,556.173279,592.488831,2159473227
2021-08-10,574.529846,606.206787,592.031555,592.383850,2207047184
2021-08-11,591.054199,632.229065,592.408386,621.185120,2506001502
2021-08-12,593.172363,648.224121,621.047791,605.007507,2504663932
2021-08-13,602.120422,654.262390,606.106140,653.958496,2308779003
2021-08-14,644.816711,689.596069,654.299011,689.114868,2487216105
2021-08-15,673.836914,707.398010,691.156006,703.186340,2770993903
2021-08-16,673.826111,713.665283,703.246704,675.854553,2672034530
2021-08-17,638.125793,689.809387,673.810242,638.801270,2753953258
2021-08-18,622.050354,653.604248,638.646484,634.432861,2747890861
2021-08-19,620.068909,658.888306,633.218933,658.888306,2852343347
2021-08-20,652.893005,699.127808,658.789429,693.681641,3133794878
2021-08-21,671.624451,699.630615,693.825073,676.063416,2947054369
2021-08-22,654.298889,688.953125,676.214294,672.618286,2480660732
2021-08-23,664.519531,693.478088,672.672363,677.710327,3007106551
2021-08-24,635.879272,682.637390,678.652283,637.405273,2690364538
2021-08-25,628.358032,657.545288,637.760315,649.314514,3075170891
2021-08-26,607.162598,655.307495,650.596802,607.399475,3163076919
2021-08-27,598.521179,635.452026,607.429932,635.265747,3101930692
2021-08-28,623.559326,647.299805,635.486328,647.299805,3068367305
2021-08-29,647.433777,690.869080,647.433777,660.172485,3005005852
2021-08-30,631.628845,664.508972,660.060242,631.658020,3031651589
2021-08-31,625.066345,651.252686,631.850769,636.765991,3166346774
2021-09-01,626.511780,656.817078,637.149841,656.817078,3115775778
2021-09-02,654.918884,673.732361,656.867798,664.838867,3308862260
2021-09-03,652.640503,720.814575,664.770691,712.818359,3868119875
2021-09-04,698.146423,732.423584,712.675598,709.572449,2791338601
2021-09-05,699.855774,765.436768,709.182251,764.197571,3208380108
2021-09-06,742.315002,801.494751,764.660767,784.366455,3580462743
2021-09-07,596.748474,787.078796,784.226807,672.250549,4539086316
2021-09-08,645.434387,679.621155,672.539673,662.192993,4477362994
2021-09-09,657.009888,672.895142,659.660034,661.226746,4413138790
2021-09-10,620.489563,673.417419,661.139099,629.420044,4593607596
2021-09-11,627.197693,647.369019,629.446655,635.880066,5450251190
2021-09-12,624.740540,654.806152,635.821106,647.329468,5486288261
2021-09-13,596.707764,657.112854,647.329102,615.131653,6132533806
2021-09-14,610.427917,642.188232,615.187805,639.965210,5643937431
2021-09-15,633.630554,656.120361,640.016113,652.477661,5267523341
2021-09-16,630.112122,654.266785,652.216187,639.571350,5327212613
2021-09-17,614.644958,647.064331,639.630676,620.557861,5654219771
2021-09-18,615.914429,637.315430,620.546875,630.215271,5596309163
2021-09-19,604.978516,646.680969,630.304443,609.283508,5805970653
2021-09-20,534.120483,609.256653,609.237549,540.876099,6259395359
2021-09-21,499.404175,551.834290,542.614014,504.018951,5960134012
2021-09-22,497.690735,547.645081,503.821899,547.645081,5552515723
2021-09-23,534.037537,553.264465,547.565735,552.303772,5454592394
2021-09-24,483.001556,555.381470,552.421509,513.605774,5724596256
2021-09-25,503.324585,522.480408,513.737427,517.896545,5083616990
2021-09-26,482.245605,518.561157,517.896729,503.667419,5773227295
2021-09-27,488.824707,515.192627,503.929535,489.011932,5464519283
2021-09-28,473.270782,499.217377,488.828003,474.522003,1295622291
2021-09-29,472.265625,497.263306,474.833313,485.419983,1087541063
2021-09-30,482.562195,505.754517,485.282013,502.503632,1168391225
2021-10-01,501.220398,544.814026,502.852081,543.302734,1204656913
2021-10-02,537.212646,560.009949,543.639587,552.628357,1052899621
2021-10-03,545.622070,578.456360,552.532898,570.499329,1336434935
2021-10-04,534.056091,571.042603,571.042603,551.597046,1278357308
2021-10-05,549.753174,599.604492,551.022949,594.042542,1197469914
2021-10-06,563.388916,624.793518,594.712524,618.740845,1778433548
2021-10-07,599.416931,634.218018,617.445618,612.156738,1512650547
2021-10-08,590.099976,617.011658,611.393188,595.772644,1241653777
2021-10-09,592.917114,623.489014,595.988342,614.483459,1160530389
2021-10-10,584.305786,622.333740,614.894470,586.642639,1215424338
2021-10-11,581.106628,617.575867,586.133911,601.811157,1285140009
2021-10-12,569.359436,602.100464,602.100464,587.449463,1295493392
2021-10-13,572.585144,594.508484,587.737610,594.508484,1224286953
2021-10-14,591.844666,607.258118,593.701538,597.616821,1128243790
2021-10-15,586.292358,636.523682,598.719910,624.503845,1754209051
2021-10-16,624.502380,646.348877,625.414612,626.320496,1345916541
2021-10-17,593.074585,628.550903,625.262817,611.691528,1101439670
2021-10-18,600.285034,619.486755,612.854492,611.165833,1179982882
2021-10-19,601.872986,624.527649,611.521790,619.084900,1180856013
2021-10-20,606.315796,648.310425,618.877136,644.396057,1138643163
2021-10-21,621.743713,655.623352,644.688416,623.740540,1408405297
2021-10-22,613.955261,636.942566,623.472046,623.593079,1042106876
2021-10-23,616.658630,636.745300,623.600586,629.455383,1064456581
2021-10-24,606.613770,633.155334,629.594360,617.856750,1008042453
2021-10-25,615.483398,628.917175,617.665649,621.694336,1140962239
2021-10-26,602.403198,631.391968,621.535217,611.638489,1319150850
2021-10-27,542.354126,618.871765,611.921631,549.094360,1579662843
2021-10-28,545.942993,591.328369,549.145081,579.468872,1361300962
2021-10-29,575.574341,595.694092,579.074341,593.519287,1238115116
2021-10-30,578.387451,599.813538,593.871277,584.846375,1454401650
2021-10-31,575.400024,601.966980,584.879333,596.238647,1330055653
2021-11-01,580.092834,599.212646,596.664917,587.672852,1208247148
2021-11-02,583.546204,608.020874,587.283813,598.341370,1047259623
2021-11-03,592.365906,618.858765,598.709534,611.106323,1450315021
2021-11-04,588.438843,613.281921,611.417786,596.409485,1284134827
2021-11-05,592.781067,629.861389,596.415283,598.856018,1563407178
2021-11-06,578.332153,602.774475,598.854492,589.249023,1003134302
2021-11-07,587.560181,600.989807,588.746155,600.881287,915486512
2021-11-08,600.761292,642.282593,601.435120,638.941956,1557616519
2021-11-09,637.778259,729.975647,638.924072,716.318604,2451835311
2021-11-10,651.131531,729.134216,717.283264,666.694031,2306524746
2021-11-11,659.836792,681.446960,665.573486,676.993591,1166042995
2021-11-12,647.467529,683.983032,676.933411,668.282166,1390603001
2021-11-13,655.612549,670.509155,668.636963,666.955811,875576329
2021-11-14,657.845642,678.759460,666.462280,678.742859,1109798292
2021-11-15,665.640808,685.637939,679.358398,665.640808,1036539475
2021-11-16,578.457031,667.817261,666.687439,599.503967,1665351794
2021-11-17,579.083984,603.484009,599.138550,595.566772,1196598256
2021-11-18,545.387024,601.118286,595.900696,554.806030,1352238674
2021-11-19,549.567017,577.792358,554.631165,575.601013,993087267
2021-11-20,567.151367,587.477051,575.463013,584.369446,975250027
2021-11-21,570.249573,585.295776,584.672852,575.927185,1079459640
2021-11-22,550.319641,577.084290,575.556519,557.317261,1195242517
2021-11-23,548.182434,575.455261,557.574890,571.203979,1202306823
2021-11-24,558.716858,619.075195,571.351379,559.120972,1209312711
2021-11-25,608.231323,634.369507,618.960999,612.676819,1346653274
2021-11-26,546.133850,618.691040,617.155884,555.829041,1679369323
2021-11-27,555.838318,573.629150,556.604675,563.338440,857274434
2021-11-28,537.422546,568.493103,563.370972,568.336182,1185816551
2021-11-29,558.350525,581.188171,568.920349,576.121765,1091029159
2021-11-30,557.528259,586.898010,575.651184,570.529663,1170851665
2021-12-01,565.719543,587.039368,569.954773,571.056885,876219332
