2018-01-01,742.004028,782.530029,755.757019,772.640991,2595760128
2018-01-02,772.346008,914.830017,772.346008,884.443970,5783349760
2018-01-03,868.450989,974.471008,886.000000,962.719971,5093159936
2018-01-04,946.085999,1045.079956,961.713013,980.921997,6502859776
2018-01-05,956.325012,1075.390015,975.750000,997.719971,6683149824
2018-01-06,994.622009,1060.709961,995.153992,1041.680054,4662219776
2018-01-07,1043.010010,1153.170044,1043.010010,1153.170044,5569880064
2018-01-08,1016.049988,1266.930054,1158.260010,1148.530029,8450970112
2018-01-09,1145.489990,1320.979980,1146.000000,1299.739990,7965459968
2018-01-10,1226.599976,1417.380005,1300.339966,1255.819946,9214950400
2018-01-11,1135.170044,1337.300049,1268.089966,1154.930054,7235899904
2018-01-12,1120.089966,1296.040039,1158.290039,1273.199951,5222300160
2018-01-13,1270.469971,1432.880005,1270.469971,1396.420044,5746760192
2018-01-14,1286.209961,1400.560059,1397.479980,1366.770020,4841630208
2018-01-15,1290.599976,1390.589966,1365.209961,1291.920044,4781100032
2018-01-16,875.544983,1292.630005,1292.630005,1053.689941,8405139968
2018-01-17,780.921997,1090.229980,1061.339966,1014.250000,8545160192
2018-01-18,967.758972,1100.310059,1016.440002,1036.280029,5938319872
2018-01-19,1003.710022,1093.219971,1028.819946,1039.099976,4084450048
2018-01-20,1044.949951,1167.109985,1044.949951,1155.150024,3975190016
2018-01-21,1021.500000,1155.680054,1155.680054,1049.579956,3378089984
2018-01-22,930.741028,1089.099976,1055.349976,1003.260010,3810099968
2018-01-23,920.539978,1023.229980,1004.169983,986.229004,3556699904
2018-01-24,965.807983,1062.439941,987.476990,1058.780029,3944039936
2018-01-25,1034.739990,1104.660034,1063.219971,1056.030029,4050190080
2018-01-26,996.783997,1080.599976,1052.699951,1055.170044,3617690112
2018-01-27,1042.119995,1121.979980,1055.750000,1107.069946,3002870016
2018-01-28,1111.780029,1257.770020,1111.780029,1246.010010,5372329984
2018-01-29,1169.079956,1256.699951,1246.699951,1182.359985,3715079936
2018-01-30,1058.969971,1184.630005,1184.130005,1071.130005,4107859968
2018-01-31,1034.500000,1128.660034,1071.089966,1118.310059,3757560064
2018-02-01,984.818970,1161.349976,1119.369995,1036.790039,5261680128
2018-02-02,757.979980,1035.770020,1035.770020,915.784973,6713290240
2018-02-03,847.690002,991.942993,919.210999,964.018982,3243480064
2018-02-04,805.064026,969.031982,964.666992,834.682007,2997090048
2018-02-05,644.598999,856.645996,834.958008,697.950989,4269530112
2018-02-06,574.419006,796.439026,707.737000,793.122009,6518269952
2018-02-07,723.432983,851.200012,790.427979,757.067993,3896179968
2018-02-08,755.843018,845.085999,755.843018,817.807007,3708189952
2018-02-09,788.833984,884.004028,818.479980,883.864990,2495820032
2018-02-10,825.577026,917.400024,882.466980,860.414978,2930530048
2018-02-11,788.221985,859.288025,859.288025,814.659973,2486650112
2018-02-12,817.507996,875.937012,817.507996,868.706970,2243450112
2018-02-13,828.836975,870.708984,869.293030,845.257996,2081170048
2018-02-14,844.278992,926.429016,844.278992,923.560974,2818370048
2018-02-15,911.111023,951.947998,923.728027,936.976013,2900100096
2018-02-16,917.848022,950.005005,934.786011,944.210022,2369449984
2018-02-17,940.754028,976.594971,944.747986,974.114990,2525720064
2018-02-18,915.445007,982.932983,973.348999,923.921021,2567290112
2018-02-19,921.554016,957.776978,921.668030,943.864990,2169019904
2018-02-20,892.953979,965.265015,943.567017,895.370972,2545260032
2018-02-21,830.562988,912.375000,894.135010,849.971008,2531729920
2018-02-22,802.668030,875.926025,849.262024,812.844971,2150370048
2018-02-23,794.791016,886.317993,811.585022,864.189026,2334820096
2018-02-24,818.549988,879.531006,861.593018,840.515015,1926579968
2018-02-25,822.380981,853.145996,839.458984,844.809998,1646960000
2018-02-26,842.318970,880.392029,845.278015,869.315002,2044480000
2018-02-27,867.096985,896.258972,870.364990,878.265015,2053980032
2018-02-28,855.124023,890.107971,877.934021,855.198975,1963980032
2018-03-01,851.919983,880.302002,856.012024,872.200012,1868519936
2018-03-02,852.421997,876.377991,871.763977,856.853027,1894419968
2018-03-03,855.206970,868.453979,856.710999,857.224976,1699369984
2018-03-04,840.280029,867.950012,856.185974,866.677979,1697939968
2018-03-05,853.520020,869.919983,866.846008,853.684021,1898489984
2018-03-06,809.931030,853.817017,853.817017,816.950989,1943069952
2018-03-07,726.546997,825.606995,816.270996,752.830994,2175419904
2018-03-08,696.169006,773.767029,752.570007,704.596008,1891640064
2018-03-09,648.106995,729.156006,702.197021,728.916016,2233019904
2018-03-10,682.695007,748.031006,730.159973,686.890015,1532960000
2018-03-11,668.122986,735.830994,685.312012,723.338989,1562680064
2018-03-12,683.268005,742.513977,724.406006,699.830994,1764999936
2018-03-13,682.349976,713.734985,698.153015,690.827026,1425959936
2018-03-14,594.099976,702.783997,691.218994,614.291016,1810560000
2018-03-15,579.505005,620.616028,614.838989,611.304016,1770460032
2018-03-16,587.862000,623.168030,611.778015,601.666016,1417350016
2018-03-17,549.096008,609.151001,601.677979,552.778992,1267810048
2018-03-18,460.088013,551.640015,551.640015,538.643982,2685499904
2018-03-19,519.122986,558.099976,546.625977,556.726013,2046790016
2018-03-20,521.203979,567.090027,556.721985,557.174988,1833680000
2018-03-21,550.572021,589.606995,559.099976,561.731995,1781270016
2018-03-22,523.088989,577.565979,562.103027,539.702026,1523459968
2018-03-23,512.127014,540.487000,539.864014,539.619019,1596349952
2018-03-24,526.080017,545.382019,542.572021,526.439026,1300009984
2018-03-25,515.658997,535.820984,522.703003,524.286987,1151170048
2018-03-26,470.440002,526.379028,524.286987,489.950989,1638880000
2018-03-27,449.971008,491.459015,489.589996,450.115997,1617939968
2018-03-28,444.860992,466.210999,450.290985,446.278992,1514179968
2018-03-29,385.812988,450.812988,448.075012,385.967987,1970230016
2018-03-30,368.632996,409.928986,385.904999,394.644989,1878130048
2018-03-31,392.953003,418.467987,395.003998,396.457001,1323920000
2018-04-01,363.804993,400.528015,397.253998,379.606995,1256930048
2018-04-02,377.592987,395.170990,379.699005,386.424988,1102259968
2018-04-03,383.532013,418.967987,387.312012,416.893005,1363399936
2018-04-04,375.309998,417.471985,416.484985,380.542999,1287730048
2018-04-05,369.816010,387.716003,379.946991,383.231995,1210680064
2018-04-06,366.911011,385.195007,382.730988,370.285004,967105984
2018-04-07,369.936005,393.058990,370.380005,385.313995,951475008
2018-04-08,385.601990,402.589996,385.743011,400.507996,948488000
2018-04-09,390.609985,429.251007,400.856995,398.526001,1478390016
2018-04-10,393.878998,415.888000,399.411011,414.243011,1196000000
2018-04-11,412.471008,430.540009,415.023987,430.540009,1439040000
2018-04-12,417.412994,493.058014,430.161011,492.941010,2519360000
2018-04-13,482.658997,526.469971,493.160004,492.734985,2419249920
2018-04-14,488.278992,512.023987,492.579987,501.477997,1519079936
2018-04-15,502.880005,531.702026,502.880005,531.702026,1726089984
2018-04-16,500.250000,534.197021,532.073975,511.147003,1758979968
2018-04-17,502.563995,518.031006,511.144989,502.894012,1760359936
2018-04-18,503.045013,525.091980,503.308990,524.789001,1762940032
2018-04-19,523.262024,567.888977,524.038025,567.888977,2256869888
2018-04-20,560.283020,618.715027,567.989014,615.718018,2849469952
2018-04-21,578.549988,621.888000,616.004028,605.395020,2612460032
2018-04-22,593.869019,640.767029,606.119019,621.859985,2426269952
2018-04-23,621.034973,646.700012,621.198975,642.547974,2386830080
2018-04-24,643.398010,708.875000,643.398010,708.158020,3581860096
2018-04-25,600.211975,707.062012,707.062012,615.416016,4216140032
2018-04-26,604.007019,663.181030,618.078979,662.809021,2984009984
2018-04-27,647.031982,684.867981,662.109009,647.031982,2598129920
2018-04-28,644.645996,691.442017,644.645996,683.677979,2496659968
2018-04-29,670.513000,697.755981,683.911987,688.880981,2740559872
2018-04-30,666.117004,694.439026,689.760986,669.924011,2853100032
2018-05-01,637.539978,674.403015,670.463013,673.612976,2678960128
2018-05-02,667.419983,688.841980,674.075012,687.148987,2822269952
2018-05-03,686.591003,784.341003,686.591003,779.543030,4210939904
2018-05-04,762.632019,803.745972,776.775024,785.624023,3533410048
2018-05-05,784.237000,827.455017,784.583008,816.119995,3035040000
2018-05-06,764.882996,835.057007,816.088013,792.310974,3105570048
2018-05-07,710.177979,795.757996,793.338989,753.724976,4316120064
2018-05-08,728.129028,774.249023,755.008972,752.856995,2920489984
2018-05-09,718.471985,759.528992,752.901978,752.275024,2877870080
2018-05-10,726.664001,766.747986,752.578979,727.276978,2748950016
2018-05-11,669.825012,736.976990,727.013000,679.585999,3290080000
2018-05-12,644.065979,691.411011,679.877014,686.047974,2668480000
2018-05-13,675.318970,741.312012,687.174988,733.495972,2362500096
2018-05-14,695.791992,742.169983,732.732971,730.549011,3005110016
2018-05-15,700.994995,739.052002,731.143005,708.870972,2523069952
2018-05-16,682.541016,710.200012,708.086975,707.049988,2476130048
2018-05-17,668.833984,718.833008,708.718018,672.656982,2350619904
2018-05-18,663.809021,695.031006,672.101990,694.367004,2305740032
2018-05-19,686.791016,715.578003,695.072021,696.530029,2021549952
2018-05-20,692.669006,723.752991,697.922974,715.369019,2156910080
2018-05-21,692.494019,719.278015,717.192993,699.221985,2005170048
2018-05-22,644.026001,700.976013,700.177979,647.741028,2230469888
2018-05-23,572.952026,651.635986,646.669983,583.585022,2995429888
2018-05-24,557.205994,610.817993,584.536011,601.755005,2791099904
2018-05-25,575.624023,617.185974,602.140015,586.734009,2110919936
2018-05-26,583.512024,606.174988,587.426025,587.280029,1694300032
2018-05-27,562.866028,590.328003,588.520020,572.668030,1788790016
2018-05-28,512.552002,576.049011,573.044983,516.036011,2356900096
2018-05-29,516.148010,572.263977,516.148010,565.388000,2330820096
2018-05-30,545.431030,583.135986,566.830017,559.590027,2053970048
2018-05-31,557.065979,585.538025,558.497009,577.645020,1985040000
2018-06-01,567.664978,589.093018,578.671997,580.043030,1945890048
2018-06-02,577.322021,597.077026,580.429016,591.807983,1880390016
2018-06-03,591.258972,624.513000,591.258972,618.328979,1832550016
2018-06-04,583.747009,623.429016,619.437012,592.984985,1903430016
2018-06-05,580.981995,611.330017,593.406006,609.302979,1844269952
2018-06-06,596.395996,611.643005,610.262024,607.124023,1756530048
2018-06-07,601.692993,616.143982,607.687012,605.187012,1880140032
2018-06-08,595.593018,608.810974,605.442993,601.077026,1637779968
2018-06-09,597.562012,608.583008,600.905029,597.562012,1519309952
2018-06-10,511.889008,594.344971,594.344971,526.479004,2234880000
2018-06-11,515.268982,536.857971,524.856995,533.283997,1982119936
2018-06-12,491.234985,538.955017,532.710022,496.842987,1932760064
2018-06-13,459.003998,501.904999,498.018005,477.493988,2080130048
2018-06-14,467.466003,523.544983,478.381012,519.742004,2458650112
2018-06-15,487.468994,521.304993,520.479980,491.003998,1808269952
2018-06-16,488.851013,503.222992,490.414001,499.641998,1314109952
2018-06-17,498.648010,507.640991,499.459991,500.447998,1264870016
2018-06-18,494.066010,521.796021,499.382996,518.890991,1513869952
2018-06-19,516.312012,542.353027,519.023010,537.956970,1726569984
2018-06-20,519.369019,541.015015,538.505981,536.268005,1596290048
2018-06-21,524.258972,543.716980,536.447021,527.367004,1462070016
2018-06-22,456.877014,527.193970,527.193970,465.816986,2226030080
2018-06-23,462.393005,479.128998,466.273987,474.519989,1651379968
2018-06-24,426.468994,475.359009,474.768005,457.671997,2490579968
2018-06-25,448.895996,470.343994,455.936005,460.309998,4007950080
2018-06-26,432.772003,461.213013,460.733002,432.772003,1356560000
2018-06-27,424.838989,444.243011,432.243988,442.364990,1368940032
2018-06-28,419.683014,443.618011,442.290009,422.364990,1360790016
2018-06-29,407.946991,441.792999,422.587006,436.009003,1564499968
2018-06-30,436.209015,458.796997,436.209015,455.179993,1475939968
2018-07-01,446.385010,457.139008,455.242004,453.917999,1511730048
2018-07-02,447.110992,479.130005,453.824005,475.346985,1625789952
2018-07-03,462.582001,483.854004,475.385986,464.195007,1683939968
2018-07-04,455.184998,481.436005,464.151001,467.317993,1549769984
2018-07-05,464.628998,483.225006,467.286987,474.411987,1828610048
2018-07-06,457.614990,479.652008,474.356995,474.011993,1627609984
2018-07-07,466.835999,491.660004,474.057007,491.660004,1358360064
2018-07-08,488.416992,503.199005,492.067993,489.118988,1344560000
2018-07-09,475.174988,490.851990,488.877991,476.682007,1533799936
2018-07-10,433.959991,478.317993,476.161987,434.424011,1789069952
2018-07-11,429.506989,447.316010,434.515015,446.518005,1422470016
2018-07-12,422.809998,446.502014,446.502014,430.074005,1495440000
2018-07-13,430.740997,442.363007,430.740997,434.027008,1489670016
2018-07-14,431.473999,439.433990,434.510986,436.085999,1235820032
2018-07-15,433.920990,454.001007,435.882996,449.850006,1350160000
2018-07-16,446.798004,480.657990,450.424988,480.657990,1858680064
2018-07-17,468.915009,508.779999,480.076996,501.002014,2288100096
2018-07-18,474.359009,513.432983,500.838013,480.513000,2371559936
2018-07-19,465.141998,483.239990,480.627991,469.618988,2068739968
2018-07-20,443.692993,469.307007,469.307007,450.697998,1821350016
2018-07-21,445.776001,468.083008,450.678986,462.436005,1504310016
2018-07-22,458.118988,470.898010,462.437988,459.657013,1338589952
2018-07-23,449.727997,469.765991,459.438995,450.852997,1596999936
2018-07-24,450.565002,481.141998,451.135986,479.372986,2287520000
2018-07-25,466.473999,482.868011,479.906006,472.493011,1930780032
2018-07-26,461.424011,483.696014,472.330994,464.036987,1621560064
2018-07-27,458.290985,473.221985,464.009003,469.665985,1734259968
2018-07-28,462.989014,471.593994,469.678009,466.898010,1531890048
2018-07-29,462.712006,470.355988,466.915009,466.665009,1631910016
2018-07-30,448.640991,467.951996,466.826996,457.080994,2141590000
2018-07-31,430.444000,457.244995,457.244995,433.867004,1820680000
2018-08-01,410.463989,435.457001,433.868988,420.747009,1888060000
2018-08-02,410.308990,425.033997,420.806000,412.621002,1569300000
2018-08-03,399.910004,420.549011,412.566986,418.261993,1722340000
2018-08-04,403.776001,420.186005,418.237000,407.252014,1466540000
2018-08-05,402.432007,413.716003,407.346008,410.515991,1396820000
2018-08-06,403.315002,414.540009,410.566986,406.657990,1384880000
2018-08-07,376.076996,411.404999,406.800995,380.214996,1828350000
2018-08-08,353.734009,380.670990,379.891998,356.613007,2016080000
2018-08-09,353.614014,370.946014,356.971008,365.588013,1616610000
2018-08-10,329.585999,367.045013,365.776001,334.175995,1699400000
2018-08-11,308.488007,334.264008,334.264008,322.112000,1790370000
2018-08-12,318.601990,328.589996,320.822998,319.570007,1625420000
2018-08-13,284.933990,323.550995,320.209991,286.494995,1751190000
2018-08-14,254.649994,286.364990,286.364990,278.932007,2137850000
2018-08-15,280.118988,303.589996,280.386993,282.364014,1878150000
2018-08-16,280.928009,298.476013,282.740997,288.045990,1552970000
2018-08-17,287.346008,316.170013,287.683014,315.729004,1995460000
2018-08-18,286.550995,320.446014,316.790985,295.812012,1764020000
2018-08-19,291.332001,307.097992,295.670013,300.834015,1447910000
2018-08-20,273.510986,304.372009,301.381012,274.315002,1413790000
2018-08-21,273.330994,285.970001,273.330994,281.944000,1164120000
2018-08-22,264.997986,297.485992,281.967987,271.341003,1507660000
2018-08-23,271.089996,279.545990,271.747986,277.104004,1271160000
2018-08-24,273.859985,283.302002,278.110992,282.967010,1450170000
2018-08-25,278.471008,283.515015,283.281006,279.645996,1208360000
2018-08-26,272.444000,279.524994,279.524994,275.196991,1206650000
2018-08-27,273.649994,285.602997,275.350006,285.602997,1406790000
2018-08-28,283.571991,297.399994,286.648987,296.498993,1513350000
2018-08-29,287.286987,297.071014,296.162994,289.312012,1474460000
2018-08-30,275.210999,291.243011,289.752991,284.105011,1513100000
2018-08-31,278.513000,284.550995,284.119995,283.003998,1411910000
2018-09-01,283.496002,301.144012,283.496002,295.341003,1546630000
2018-09-02,290.925995,298.686005,295.453003,294.371002,1321050000
2018-09-03,287.432007,295.591003,295.181000,289.259003,1394490000
2018-09-04,284.255005,291.579987,289.296997,285.722992,1554870000
2018-09-05,232.330994,288.162994,286.045013,232.330994,2390390000
2018-09-06,218.123001,231.755005,231.647995,230.214996,2097310000
2018-09-07,217.074997,233.895996,229.535004,217.203003,1678260000
2018-09-08,193.259003,220.367004,217.912003,197.951004,1517200000
2018-09-09,188.306000,207.666000,198.384995,196.923996,1585980000
2018-09-10,189.584000,201.882996,197.850998,197.078995,1502960000
2018-09-11,180.595993,198.505997,198.177002,185.065994,1568900000
2018-09-12,170.257004,185.587006,185.423004,183.330994,1874850000
2018-09-13,183.679001,214.001999,183.679001,211.354004,2330720000
2018-09-14,204.871002,222.794006,212.669006,211.748993,2232190000
2018-09-15,209.606003,226.604004,209.813995,223.074005,1670490000
2018-09-16,211.117996,222.802994,222.802994,220.589005,1502260000
2018-09-17,195.307999,224.261002,221.582001,197.875000,2019910000
2018-09-18,195.934006,213.356995,197.095001,209.975006,1800640000
2018-09-19,201.656006,213.871002,209.472000,209.968994,1733330000
2018-09-20,207.789001,224.817993,210.287994,224.591003,1782070000
2018-09-21,221.567001,248.388000,225.251007,246.584000,2836200000
2018-09-22,233.809998,251.195999,247.337006,240.479996,1921820000
2018-09-23,237.856995,247.464005,240.992004,244.330002,1693470000
2018-09-24,227.490005,245.108002,244.843994,228.729996,1748740000
2018-09-25,206.490005,228.326996,228.326996,218.505005,2120360000
2018-09-26,209.113007,221.436996,218.647003,215.847000,1756100000
2018-09-27,212.654007,230.606995,215.440002,228.494003,2030320000
2018-09-28,218.669006,231.748001,229.041000,222.401993,2018120000
2018-09-29,216.078003,234.014008,221.705002,231.634995,2208720000
2018-09-30,228.445007,236.985992,231.328995,232.848007,1765560000
2018-10-01,226.945007,234.145004,233.220001,230.768005,1597500000
2018-10-02,225.837997,231.167007,231.100006,227.181000,1542080000
2018-10-03,213.970993,226.457993,226.406998,220.488998,1683930000
2018-10-04,220.089996,226.147995,220.445999,222.218002,1479500000
2018-10-05,220.957001,228.319000,222.266998,227.600998,1547330000
2018-10-06,224.246002,227.925995,227.552002,225.119995,1505070000
2018-10-07,222.996002,226.369995,225.434998,226.119003,1470480000
2018-10-08,224.557007,230.764999,226.509003,229.255005,1470740000
2018-10-09,226.401001,230.160995,229.710007,227.981995,1405130000
2018-10-10,224.494995,227.707001,227.615005,225.768997,1384040000
2018-10-11,189.283005,225.610001,225.610001,189.498993,2167620000
2018-10-12,188.707001,199.401001,188.707001,196.727005,1487900000
2018-10-13,196.363998,201.279007,196.363998,199.841003,1167610000
2018-10-14,195.242996,201.826996,199.690994,195.714996,1169260000
2018-10-15,194.158997,222.117996,195.270004,209.703995,2865830000
2018-10-16,207.983994,212.173004,209.628006,210.119995,1532280000
2018-10-17,205.927994,211.125000,210.216995,207.082993,1444130000
2018-10-18,201.742996,208.470001,207.404007,203.352005,1365860000
2018-10-19,201.843994,204.662994,203.257004,203.727005,1264480000
2018-10-20,203.085007,206.222000,203.514999,205.429993,1238780000
2018-10-21,204.621002,208.154999,205.389999,205.141998,1190300000
2018-10-22,203.376999,206.932007,205.173996,204.044006,1328980000
2018-10-23,201.910995,205.151001,204.016006,204.335999,1237490000
2018-10-24,203.354004,205.580994,204.126999,203.852005,1102220000
2018-10-25,201.822998,204.132004,203.867996,202.718994,1102900000
2018-10-26,201.550995,204.779999,202.335999,203.328995,1161310000
2018-10-27,203.126007,206.082001,203.356003,204.210007,1084810000
2018-10-28,203.522995,205.919006,204.509995,205.365997,1139140000
2018-10-29,195.733994,205.597000,205.173996,197.246994,1517230000
2018-10-30,196.350998,198.121994,197.203003,197.556000,1363500000
2018-10-31,196.531006,198.337997,197.649002,197.380997,1442380000
2018-11-01,197.328003,203.753998,197.537003,198.871994,1336700000
2018-11-02,198.755005,201.268997,198.981995,200.634995,1451870000
2018-11-03,199.524994,200.740005,200.740005,200.186005,1307150000
2018-11-04,198.985992,211.272003,200.158005,207.485992,1749300000
2018-11-05,206.572998,210.819000,207.100006,209.091003,1613510000
2018-11-06,207.893997,218.451996,209.473999,218.451996,1856940000
2018-11-07,216.796005,221.651993,218.899002,217.182999,1927830000
2018-11-08,212.199005,218.337997,217.326996,212.231003,1769080000
2018-11-09,209.514999,213.315994,211.987000,210.074005,1554750000
2018-11-10,209.804993,213.856995,209.975006,212.533005,1377760000
2018-11-11,208.867996,212.998993,212.479004,211.339996,1501600000
2018-11-12,208.923996,212.623001,211.513000,210.417999,1452380000
2018-11-13,206.134995,210.514999,210.149002,206.826004,1610260000
2018-11-14,174.084000,207.044998,206.533997,181.397003,2595330000
2018-11-15,170.188995,184.251007,181.899002,180.806000,2638410000
2018-11-16,173.126007,181.350006,180.865005,175.177002,2015330000
2018-11-17,172.869003,175.850998,175.360001,174.001007,1832800000
2018-11-18,174.175003,179.151993,174.175003,177.067001,1810920000
2018-11-19,147.850998,177.179001,177.179001,149.175003,2745160000
2018-11-20,126.360001,151.253006,148.811005,130.339005,3134410000
2018-11-21,125.758003,138.889999,131.141998,136.701004,2685930000
2018-11-22,126.706001,137.740005,136.811005,126.706001,1792150000
2018-11-23,119.558998,127.028000,126.418999,123.295998,1998010000
2018-11-24,110.824997,126.788002,123.304001,113.494003,1800960000
2018-11-25,101.769997,118.880997,113.125999,116.449997,2466750000
2018-11-26,104.892998,118.200996,116.343002,108.334999,2139490000
2018-11-27,102.452003,111.842003,107.913002,110.010002,2320010000
2018-11-28,110.197998,126.047997,110.197998,122.438004,2673470000
2018-11-29,115.297691,123.229721,122.721550,117.542648,2196099151
2018-11-30,111.744965,119.423767,117.728096,113.171417,2020748396
2018-12-01,111.619125,120.841454,113.397758,118.635559,2131475768
2018-12-02,116.092041,120.562050,118.268150,116.388901,1856199149
2018-12-03,107.415657,116.619064,116.378761,108.925018,1772756193
2018-12-04,107.402718,113.142914,108.803162,110.214188,1748116495
2018-12-05,102.475555,110.598610,110.335518,102.475555,1990157607
2018-12-06,91.761055,104.103493,102.450592,91.761055,2310716932
2018-12-07,83.469719,96.089844,91.649834,93.294563,2554304530
2018-12-08,86.825668,97.059883,93.410080,92.159637,1855759401
2018-12-09,91.031281,98.900032,92.035431,95.142059,1875567180
2018-12-10,90.654251,96.257301,94.992172,91.685654,1756437577
2018-12-11,87.688408,92.782326,91.578934,88.945305,1707497898
2018-12-12,88.263557,92.240555,88.610703,90.593300,1533050103
2018-12-13,85.518311,91.111603,90.655228,86.539314,1754475622
2018-12-14,83.226479,87.144943,86.630356,84.308296,1651491877
2018-12-15,82.829887,85.342743,84.279694,84.440811,1496176898
2018-12-16,84.469406,87.568123,84.469406,85.262100,1565817037
2018-12-17,85.382111,96.805054,85.382111,95.133827,2101453024
2018-12-18,92.968521,101.320236,95.108040,101.112457,2277514076
2018-12-19,100.691460,108.549057,101.683846,101.268578,2456482115
2018-12-20,100.639961,117.170128,101.090439,116.216873,3063842618
2018-12-21,107.584793,119.094162,115.835403,109.496231,2632539990
2018-12-22,107.503166,116.759499,109.455940,116.759499,2338772939
2018-12-23,117.273895,133.075302,117.273895,130.765259,3579715061
2018-12-24,130.641663,157.668701,130.641663,140.238007,4370343387
2018-12-25,125.113289,140.997589,140.997589,129.844345,3298280609
2018-12-26,126.292908,136.677246,129.888824,131.865631,2720469126
2018-12-27,115.650101,132.677063,131.923584,116.575912,2612804378
2018-12-28,115.693130,137.647018,116.898201,137.647018,3130201009
2018-12-29,134.570175,147.034332,138.468781,138.018341,3169029972
2018-12-30,133.982330,140.689087,137.627457,139.859451,2660086834
2018-12-31,132.519394,140.181152,140.031067,133.368256,2358360234
2019-01-01,132.650711,141.397507,133.418152,140.819412,2258709868
2019-01-02,140.650955,156.929138,141.519516,155.047684,3328240369
2019-01-03,147.198364,155.863052,155.196045,149.135010,2676164880
2019-01-04,147.907104,156.878983,148.912888,154.581940,3126192535
2019-01-05,154.337418,160.824890,154.337418,155.638596,3338211928
2019-01-06,152.085922,159.371445,155.804230,157.746201,3231294371
2019-01-07,151.150726,158.450424,157.809494,151.699219,2712108388
2019-01-08,148.669540,153.625778,151.967545,150.359634,2459808140
2019-01-09,150.288376,153.622253,150.554688,150.803116,2369241197
2019-01-10,126.529373,152.148270,150.843506,128.625183,3397734456
2019-01-11,125.244942,130.165939,127.813965,127.548325,2667585234
2019-01-12,125.446754,128.666122,127.528084,125.966530,2212109224
2019-01-13,116.085968,126.267876,125.907227,116.897804,2268263944
2019-01-14,116.967560,130.856735,116.979095,129.068726,2798085735
2019-01-15,120.311523,130.743561,129.172684,122.032715,2735449164
2019-01-16,121.441414,127.118248,121.809242,123.547066,2746469340
2019-01-17,120.817032,124.270721,123.573540,123.741920,2594091285
2019-01-18,120.241898,123.841690,123.654655,121.010262,2305389800
2019-01-19,121.161034,125.904228,121.614426,124.519020,3048261797
2019-01-20,118.702324,125.070389,124.632401,119.474831,2964108269
2019-01-21,116.157440,119.715439,119.636459,117.157852,2421720343
2019-01-22,114.676682,119.664345,117.110756,118.747551,2552507405
2019-01-23,116.376648,119.422798,118.713814,117.452606,2556952198
2019-01-24,116.006798,118.032104,117.462784,117.362885,2520843420
2019-01-25,115.830154,117.802994,117.594955,116.378342,2606881898
2019-01-26,115.980576,118.084114,116.373528,116.488739,2412181169
2019-01-27,113.405289,116.685410,116.510315,113.405289,2775888287
2019-01-28,103.336464,113.688232,113.285233,106.589973,3366895505
2019-01-29,103.999229,107.165787,106.721954,105.598213,2900418606
2019-01-30,104.843796,109.452980,105.407204,108.907539,2874370355
2019-01-31,106.525352,110.458359,108.900772,107.061012,2828796031
2019-02-01,105.046501,108.638710,107.147682,107.609787,2541271519
2019-02-02,106.764015,110.653877,107.466415,110.430260,2385157838
2019-02-03,106.563988,110.827354,110.490318,107.492668,2519334757
2019-02-04,107.067421,108.701035,107.625824,107.821602,2491888675
2019-02-05,106.909897,108.134789,107.628166,107.443520,2515863999
2019-02-06,102.934563,107.569305,107.569305,104.919289,2593048199
2019-02-07,104.409134,106.058876,104.835777,104.535301,2326764622
2019-02-08,104.194435,119.805817,104.645050,119.267746,3656841347
2019-02-09,118.000404,120.689735,119.214111,119.430885,2884650400
2019-02-10,117.105774,124.853622,119.408966,124.806488,3148766590
2019-02-11,120.311752,124.871536,124.871536,121.298393,3222473887
2019-02-12,119.600021,123.468300,121.178574,122.572289,3149576429
2019-02-13,121.612495,125.550697,122.544289,122.553604,3386585799
2019-02-14,121.334892,124.451988,122.416985,121.390205,3331701628
2019-02-15,121.371918,123.660126,121.453697,122.100388,3021741615
2019-02-16,122.295303,124.134811,122.396454,123.260216,2905833287
2019-02-17,123.091614,134.460098,123.182083,133.598877,4236081130
2019-02-18,133.001938,147.686584,133.032547,146.098373,5387525773
2019-02-19,145.128464,149.929977,146.398819,145.346191,5310842625
2019-02-20,142.502121,149.554337,145.172729,149.554337,4500094965
2019-02-21,144.563812,149.352325,149.352325,146.130844,3995766856
2019-02-22,145.206543,149.268616,146.073257,149.092453,3731099284
2019-02-23,147.331055,159.125870,148.676620,158.795425,4519468458
2019-02-24,135.852661,165.549622,158.902405,135.852661,5957715043
2019-02-25,135.483841,142.525574,135.499725,139.822861,4914392068
2019-02-26,136.579605,139.976440,139.646088,138.089676,3791292839
2019-02-27,131.602921,141.336227,138.029572,136.125961,4469776860
2019-02-28,135.657593,138.847137,136.283081,136.746246,4535438953
2019-03-01,136.434784,138.995270,136.836243,136.443619,3756124824
2019-03-02,132.436386,137.184799,136.350082,134.206955,3747176425
2019-03-03,131.328857,135.849289,134.786118,132.249420,3454374053
2019-03-04,125.402702,132.729141,132.157883,127.774124,4008171341
2019-03-05,126.735298,138.229980,127.792953,137.822388,4764849990
2019-03-06,136.145920,139.968826,137.958740,138.789352,4589054219
2019-03-07,137.273132,140.857880,138.942383,138.034500,4339206292
2019-03-08,133.557693,139.499100,138.311356,135.127075,4678816794
2019-03-09,134.677124,139.119415,134.887558,137.965332,5011918715
2019-03-10,135.685684,138.270309,138.180496,136.758682,4578438499
2019-03-11,133.102798,137.353409,136.849533,133.834030,4689807419
2019-03-12,130.944153,135.273468,134.012848,134.442886,4709988000
2019-03-13,132.719727,134.611771,134.611771,133.263077,4265162099
2019-03-14,132.750076,135.180847,133.203903,133.711594,4476532147
2019-03-15,133.567154,138.395142,133.567154,137.691788,4506861856
2019-03-16,137.911957,144.558441,137.911957,142.398178,4839003569
2019-03-17,139.323517,142.371918,142.238297,140.000549,3827157729
2019-03-18,138.841553,142.267212,140.104858,139.374603,4551739879
2019-03-19,139.143021,140.989059,139.254013,140.519196,4251488129
2019-03-20,138.307037,140.945572,140.484711,140.686356,4664134462
2019-03-21,135.855423,141.003235,140.478485,136.636063,5087247796
2019-03-22,136.228607,138.794296,136.562256,137.181442,4490899266
2019-03-23,136.912018,139.385391,137.039871,138.239868,4436568613
2019-03-24,136.313751,138.375610,138.315353,136.986923,4266845458
2019-03-25,133.490158,137.695343,137.081360,135.031021,4480516753
2019-03-26,133.757339,135.460358,135.054321,135.460358,4499271679
2019-03-27,135.341660,141.075470,135.454361,140.988159,5228240093
2019-03-28,138.425171,141.007935,141.005844,139.416473,4163212475
2019-03-29,138.045105,142.549240,139.343201,142.497421,5125602702
2019-03-30,141.031738,149.613235,142.359146,142.092682,5144662127
2019-03-31,140.697372,142.189209,142.139221,141.514099,4249050197
2019-04-01,140.737564,142.733994,141.465485,141.830322,4611999536
2019-04-02,141.636459,165.226822,141.839523,163.961746,9826645698
2019-04-03,157.322144,178.322052,164.008636,161.458801,10622456246
2019-04-04,155.241104,164.929214,161.431763,158.052536,7953123529
2019-04-05,157.443954,167.220383,158.020004,165.514847,7531316908
2019-04-06,161.799469,172.515778,165.511246,165.947205,7167016221
2019-04-07,164.932098,175.213165,165.977249,174.531647,7596176020
2019-04-08,174.160995,184.377853,174.449677,180.258820,9304964610
2019-04-09,175.091751,180.254227,180.222122,176.114578,7632529578
2019-04-10,175.230377,183.134277,176.067841,177.337479,7856924879
2019-04-11,162.320618,177.487488,177.342758,165.497025,7859383417
2019-04-12,161.029739,166.127518,165.335205,164.736328,6237185309
2019-04-13,163.011856,166.362427,164.622849,164.513351,4959301561
2019-04-14,162.781479,168.591034,164.476089,167.838516,4846298303
2019-04-15,159.555740,168.818451,167.897476,161.574173,5672311824
2019-04-16,160.888748,167.666321,161.526550,167.623444,5180105341
2019-04-17,165.501892,168.938583,167.553696,166.950760,5596102715
2019-04-18,166.672119,175.365326,166.913208,173.814026,6971581464
2019-04-19,170.620209,173.978897,173.787888,173.708435,6541053061
2019-04-20,171.788834,176.705811,173.718811,173.751266,6142567812
2019-04-21,167.428589,174.420776,173.715408,170.046524,6005571688
2019-04-22,168.729553,173.069122,170.017487,171.874664,6094878077
2019-04-23,170.896759,176.850784,172.007217,171.447800,7097827092
2019-04-24,161.976685,171.573212,171.349533,165.826096,7351304156
2019-04-25,153.847000,166.513412,165.914734,154.459396,6820332362
2019-04-26,152.085678,158.029007,154.579437,156.347092,7505283355
2019-04-27,155.621887,160.589417,156.270859,158.434937,5863109118
2019-04-28,157.125519,159.565384,158.499771,157.295074,5379894433
2019-04-29,153.186523,158.333923,157.291061,155.201996,6053776253
2019-04-30,155.172775,162.432251,155.172775,162.166031,6275803460
2019-05-01,159.660217,164.060684,162.186554,160.818344,5789172433
2019-05-02,160.060699,162.937012,160.853577,162.122787,6044171062
2019-05-03,161.080627,170.068741,162.075165,167.952408,7299410672
2019-05-04,161.791428,170.645935,167.887222,164.026581,6658100049
2019-05-05,159.700653,165.399979,164.015259,163.450699,5938415562
2019-05-06,159.988190,175.760101,163.337982,172.653214,7540096853
2019-05-07,169.694717,180.394409,172.427277,169.798660,8411140170
2019-05-08,166.409241,172.183548,169.904205,170.948166,6416569598
2019-05-09,167.247879,172.880402,170.951874,170.289307,6546914198
2019-05-10,168.991425,175.885269,170.312973,173.142746,8036919053
2019-05-11,173.139313,203.466644,173.139313,194.304337,12578331654
2019-05-12,183.653931,201.881485,194.163025,187.325317,10326050090
2019-05-13,185.305908,205.098267,187.417923,196.846283,10367149039
2019-05-14,196.054810,217.874649,196.738281,217.148575,12751049755
2019-05-15,216.822113,247.446594,217.010117,247.153061,13460006534
2019-05-16,245.795288,275.394440,246.941956,264.010010,18661465873
2019-05-17,227.767426,266.979614,263.848358,243.764587,16037551694
2019-05-18,233.099854,246.362762,243.911301,234.595230,10933142646
2019-05-19,233.758667,263.740997,234.449463,261.292206,12049250894
2019-05-20,241.803650,261.551270,261.267487,251.864410,10834541285
2019-05-21,248.196304,262.107544,251.647842,255.215881,11545049593
2019-05-22,242.730484,258.801849,254.995316,244.698914,9818257463
2019-05-23,233.793091,247.616638,244.665115,245.965668,10671663487
2019-05-24,243.240097,255.259338,245.987091,249.484985,9929433206
2019-05-25,249.088791,257.356842,249.694046,251.759872,8924985385
2019-05-26,247.245392,269.166534,251.724792,267.069641,9664267731
2019-05-27,265.444702,278.507263,267.141876,272.862640,12074664736
2019-05-28,267.514374,274.320831,272.590485,271.768707,10362846898
2019-05-29,263.091400,273.756287,271.779053,269.455688,9819132174
2019-05-30,247.348602,287.201630,269.551880,255.858948,13604268584
2019-05-31,249.111847,268.659943,256.015259,268.113556,11255023515
2019-06-01,263.524597,273.557983,268.433350,265.391266,9942869852
2019-06-02,265.041870,272.807220,265.512726,270.225525,8744111713
2019-06-03,251.262192,270.334106,270.088562,252.607925,9375712917
2019-06-04,236.127213,252.511642,252.511642,241.338791,10132549747
2019-06-05,239.983459,248.138138,241.497040,247.051010,8548917062
2019-06-06,238.501114,249.944504,246.925247,249.474335,8265146806
2019-06-07,246.597900,254.352295,249.335281,250.930359,8379534528
2019-06-08,243.229111,252.377396,251.249313,245.738098,7225996863
2019-06-09,229.257431,245.972824,245.540482,233.086700,7566421456
2019-06-10,229.341766,247.662170,232.830139,247.520126,8141159848
2019-06-11,239.825348,248.662582,247.862122,245.781830,7382269700
2019-06-12,244.491318,261.017578,245.925491,260.903290,8645598618
2019-06-13,255.596283,262.163116,260.913513,256.168793,8442077836
2019-06-14,254.147430,265.371399,256.179657,264.087463,8676891267
2019-06-15,262.121216,271.505585,263.934143,269.019318,8126853944
2019-06-16,265.535339,278.143188,268.901154,269.223206,9676746453
2019-06-17,268.353790,275.442566,269.090576,274.351105,6009795781
2019-06-18,263.144440,274.320251,274.320251,265.051849,6205242504
2019-06-19,264.754791,270.333374,265.056854,269.431793,5516510947
2019-06-20,265.500458,274.073517,269.407867,271.695007,6408981097
2019-06-21,271.743103,295.303314,271.743103,294.910278,9331694140
2019-06-22,294.728241,315.189728,295.115082,309.380310,10613731255
2019-06-23,305.764587,318.565674,309.416687,307.827789,8161062380
2019-06-24,299.559540,312.329346,307.722137,310.424683,8205712062
2019-06-25,307.643158,318.126312,310.678619,318.126312,9641764965
2019-06-26,315.954865,361.398682,317.992584,336.753174,16437084081
2019-06-27,278.573242,343.433441,336.959900,294.267639,14038092503
2019-06-28,292.939819,313.031555,294.143036,311.226105,11514656820
2019-06-29,294.753845,322.043549,311.284424,320.058899,10929374565
2019-06-30,290.695984,322.789581,319.584045,290.695984,10303111000
2019-07-01,280.022827,301.026154,290.268494,293.641113,10292223948
2019-07-02,272.602570,295.655853,293.537262,291.596436,10618413952
2019-07-03,291.401642,303.342041,291.764618,303.099976,9926711979
2019-07-04,282.765747,303.961151,303.025085,284.523224,8403513106
2019-07-05,282.694702,293.921143,284.380920,287.997528,8723493015
2019-07-06,286.665863,295.991425,287.893829,287.547119,7674615025
2019-07-07,286.109192,310.139313,287.603607,305.700562,8119724981
2019-07-08,303.500458,314.267883,305.734772,313.251404,9078905628
2019-07-09,305.285828,318.223114,313.325165,308.881012,10055159803
2019-07-10,285.565796,313.069458,308.851288,290.002319,11679985167
2019-07-11,266.094666,290.021057,289.945984,268.704041,10216287022
2019-07-12,268.000031,278.855591,268.692261,276.276703,8148936015
2019-07-13,263.068268,276.685242,276.289124,269.458801,6716829429
2019-07-14,227.269211,269.641235,269.281616,227.578064,8578339386
2019-07-15,210.391266,235.025650,227.965057,229.776001,9723674244
2019-07-16,197.377899,234.513840,229.748657,199.188675,9036620494
2019-07-17,193.990417,217.975632,199.066788,211.484970,9387747640
2019-07-18,208.037735,229.239395,211.444611,226.566162,9327816059
2019-07-19,215.838242,226.940475,226.657700,221.333420,7606433131
2019-07-20,221.189484,234.198456,221.412659,229.119217,7976245988
2019-07-21,219.027756,229.861664,229.167694,225.630768,6685082868
2019-07-22,213.448380,226.862579,225.698654,217.560013,6338843919
2019-07-23,209.638123,218.518051,217.568466,212.728516,6976091534
2019-07-24,203.893402,217.535431,212.553818,217.046371,7168982843
2019-07-25,216.135147,224.254196,216.969116,219.617996,6731281160
2019-07-26,214.125687,220.236389,219.628128,219.629608,5729852178
2019-07-27,204.903931,223.517258,219.617630,207.408310,6257703908
2019-07-28,202.252899,212.041840,207.413773,211.186554,5504887934
2019-07-29,208.764313,213.932053,211.123657,211.268051,5485190664
2019-07-30,206.867615,213.614075,211.339203,210.522598,5489918859
2019-07-31,210.437912,218.654144,210.492416,218.654144,6003828340
2019-08-01,212.914505,218.812653,218.554596,217.808441,5965442642
2019-08-02,215.975830,222.182571,217.884460,217.871567,6159440229
2019-08-03,217.331741,224.623230,217.895554,222.490341,5697798687
2019-08-04,218.492172,224.227295,222.580811,222.669724,5238542572
2019-08-05,222.603882,235.635284,222.650879,234.215027,7765060287
2019-08-06,223.551178,239.115906,234.245590,226.020645,7647742672
2019-08-07,222.775452,229.656570,225.925293,226.391006,7020342210
2019-08-08,216.516251,226.774719,226.518478,220.941864,6713525644
2019-08-09,208.245972,221.364334,220.908646,210.488907,6964818795
2019-08-10,203.793106,213.734833,210.530167,206.733536,6584748527
2019-08-11,206.510803,216.598648,206.732239,216.092865,6440605605
2019-08-12,210.946487,216.142563,216.055908,211.288071,5674315559
2019-08-13,205.422501,211.384415,211.342697,208.709045,5946313205
2019-08-14,186.331924,209.066437,208.603989,186.607742,7444456154
2019-08-15,178.142563,189.462158,186.683502,188.502060,8197244441
2019-08-16,180.384842,188.905594,188.644257,185.440079,7133915837
2019-08-17,182.593887,186.703140,185.531662,185.687683,5512696513
2019-08-18,183.692245,197.522491,185.841095,194.493530,5969012024
2019-08-19,193.108246,203.560150,194.556030,203.091934,6145148692
2019-08-20,195.619537,203.015991,202.813141,196.565414,6408417610
2019-08-21,182.689178,197.027435,196.621689,186.891632,7775772700
2019-08-22,183.384521,194.415512,186.941238,191.332916,7569043874
2019-08-23,189.562317,195.906494,191.106873,194.706207,6658162377
2019-08-24,187.627258,194.784988,194.671631,191.289566,6249737982
2019-08-25,184.964752,192.163330,191.234787,186.842392,5826017143
2019-08-26,186.735550,193.442184,186.735550,188.929382,7207986636
2019-08-27,185.472931,188.963181,188.950058,187.516663,6042327402
2019-08-28,172.185608,187.930878,187.495499,173.889969,6696604087
2019-08-29,167.170898,173.996399,173.958694,169.516739,7129569083
2019-08-30,167.071411,170.773514,169.489288,168.834869,5776520220
2019-08-31,167.802582,174.323975,168.887894,172.469788,5830212249
2019-09-01,169.531281,173.696854,172.458405,171.629425,5554799576
2019-09-02,170.451691,180.145218,171.697601,178.347351,6503447137
2019-09-03,175.970169,182.347992,178.357758,179.499329,6962728938
2019-09-04,175.325363,180.136597,179.491989,175.992889,5938120494
2019-09-05,171.746826,176.163910,175.966278,174.217133,5589476516
2019-09-06,168.341339,177.718704,174.172226,169.956177,6797611878
2019-09-07,169.444122,180.851608,169.955276,178.262619,6791531342
2019-09-08,178.142502,182.977081,178.282593,181.355530,6472677266
2019-09-09,177.419357,184.149460,181.362488,181.149460,7232938985
2019-09-10,178.122421,184.063431,181.212845,179.787170,6291476772
2019-09-11,176.500916,181.757462,179.839493,178.725494,7157139035
2019-09-12,177.847321,181.998566,178.803772,181.016098,5838605477
2019-09-13,178.582047,181.498291,180.975586,181.109726,5955041237
2019-09-14,180.372208,188.446930,181.321579,188.105515,6500686511
2019-09-15,186.447327,190.399338,188.068436,189.789124,6222874780
2019-09-16,189.689331,198.204971,189.689331,197.113174,8242029488
2019-09-17,196.715485,213.731949,197.114761,208.608749,10232590812
2019-09-18,208.050598,216.711502,208.050598,211.393036,9194634557
2019-09-19,204.685776,222.871689,211.247238,221.280853,10620070913
2019-09-20,215.159637,221.598557,221.069626,218.050049,8027974273
2019-09-21,215.000168,220.958298,217.897385,215.516205,7743309778
2019-09-22,207.644928,216.086243,215.486557,211.545380,7812854576
2019-09-23,201.887238,211.840515,211.713211,201.921310,7494673136
2019-09-24,162.727783,203.500549,201.842087,168.110733,11757739233
2019-09-25,164.913483,174.719772,168.133575,170.892700,9766632018
2019-09-26,157.130325,171.692642,170.756912,166.727127,7848286154
2019-09-27,163.209503,175.610779,166.651703,174.710999,7909313625
2019-09-28,170.773956,175.778732,174.680832,174.572891,6895423445
2019-09-29,166.997696,175.210220,174.612747,170.503479,6497088199
2019-09-30,167.036606,179.872208,170.461349,179.872208,7552915148
2019-10-01,175.812653,185.045532,180.209122,177.340424,7676276225
2019-10-02,175.334274,180.826126,177.224060,180.710510,6335595250
2019-10-03,172.599869,180.799210,180.703705,175.199341,6381403725
2019-10-04,173.564087,178.552078,175.238434,176.985001,6248928449
2019-10-05,173.069565,177.713242,176.946320,176.351517,5837211771
2019-10-06,171.299774,177.364548,176.364380,173.059143,5852890674
2019-10-07,171.527817,182.356354,172.940338,181.186340,7844316834
2019-10-08,179.133392,184.359970,181.113358,182.021561,7466282780
2019-10-09,180.668442,194.300491,182.036301,193.293259,9088122101
2019-10-10,188.306473,193.896927,193.191071,191.659668,8375913276
2019-10-11,181.661835,195.318802,191.801071,182.569687,9128522970
2019-10-12,179.984833,186.304886,182.534027,180.826645,7494328840
2019-10-13,180.317154,185.075912,180.861313,182.075150,6733182273
2019-10-14,181.662277,187.303619,182.028473,186.960907,7276520699
2019-10-15,179.462784,187.759872,186.977051,181.406067,7731456579
2019-10-16,174.064163,181.668610,181.343735,176.013504,7691244590
2019-10-17,174.565826,178.899551,175.906891,178.028351,6737237423
2019-10-18,171.005051,178.179794,177.988556,173.621338,7566257807
2019-10-19,172.215454,175.608231,173.649445,172.913025,6551453871
2019-10-20,171.210724,176.718689,172.974762,175.534378,6801091120
2019-10-21,173.287750,177.741730,175.524750,174.920990,6815820627
2019-10-22,172.266235,175.650024,174.905060,172.300858,6990951966
2019-10-23,157.463425,172.420578,172.262802,162.402786,9624925919
2019-10-24,160.887955,164.147568,162.514114,162.168549,7300917537
2019-10-25,161.966019,183.000122,162.189713,181.523209,10358594018
2019-10-26,176.133804,195.942505,181.667068,179.835480,13831784986
2019-10-27,177.682358,188.155334,179.932632,184.242218,10815941952
2019-10-28,180.249557,187.883163,184.397507,182.662811,10406734124
2019-10-29,182.364365,191.846756,182.670380,190.342575,10622761958
2019-10-30,181.546371,191.111938,190.336395,184.692169,10484902804
2019-10-31,180.068359,188.751266,184.797623,183.966919,9607939606
2019-11-01,181.094498,185.059708,183.803696,183.969894,9145611130
2019-11-02,182.797668,185.708954,184.018158,183.925720,8087991830
2019-11-03,179.818146,185.024216,183.994827,182.425018,8760247744
2019-11-04,181.821609,188.022934,182.319031,186.355194,10551917945
2019-11-05,184.331985,191.257828,186.309311,189.304169,10024177342
2019-11-06,188.667679,193.547256,189.113495,191.593842,10156458684
2019-11-07,186.567001,191.861099,191.504303,187.976547,9081247799
2019-11-08,182.541367,188.815979,187.924271,184.211472,9176780911
2019-11-09,183.902237,185.838531,184.311722,185.028717,7277418704
2019-11-10,184.686783,190.920609,184.943359,189.477280,8752784211
2019-11-11,185.086319,190.338425,189.502930,185.489639,7877424106
2019-11-12,184.191055,187.948029,185.564835,186.843414,7792186666
2019-11-13,185.937943,189.331879,186.942444,188.258743,7343173596
2019-11-14,184.992294,188.634598,188.272507,185.999634,7872664470
2019-11-15,179.379562,186.251831,186.058167,180.521179,8815678477
2019-11-16,179.985672,184.155273,180.499100,183.348358,6789888120
2019-11-17,182.336807,188.191345,183.350830,185.119232,7364325471
2019-11-18,179.175507,186.927155,185.041458,180.559601,7787662111
2019-11-19,175.197113,182.528000,180.502457,177.455551,7536699743
2019-11-20,175.290436,178.993149,177.415283,175.698349,7205785149
2019-11-21,159.365128,176.209213,175.673599,161.462723,8546371325
2019-11-22,142.344101,163.028091,161.505890,150.268173,12020749863
2019-11-23,147.601242,154.101563,150.212219,153.417786,8289198330
2019-11-24,142.834702,153.965912,153.430527,142.834702,7782769098
2019-11-25,133.802338,150.207962,142.697006,146.476532,10962753356
2019-11-26,145.216873,150.004761,146.404312,148.965073,7648516297
2019-11-27,143.525604,154.887207,148.396820,153.010559,8778095308
2019-11-28,151.091125,156.613586,153.069244,151.717575,7346531960
2019-11-29,151.460434,156.848404,151.768600,155.304153,7503898278
2019-11-30,151.225342,156.691299,155.286407,152.539688,6565950868
2019-12-01,147.067932,152.491928,152.491928,151.185730,7102780298
2019-12-02,147.606796,152.116959,151.175476,149.059158,6670561362
2019-12-03,146.001678,150.310425,149.058243,147.956421,6204379850
2019-12-04,145.000885,150.680817,147.918381,146.747742,7865937094
2019-12-05,145.459076,153.155396,146.686493,149.248993,6745910228
2019-12-06,147.606522,149.670517,149.396484,149.194443,6458766441
2019-12-07,148.374771,149.799713,149.197601,148.768158,5911233284
2019-12-08,148.313339,152.392929,148.743683,151.264725,6441727252
2019-12-09,147.621368,151.913940,151.224396,148.225174,6744206747
2019-12-10,144.907959,148.564468,148.179855,146.267044,6859512025
2019-12-11,143.045364,147.139206,146.320648,143.608002,7037180049
2019-12-12,141.436981,145.751648,143.615662,145.604004,7890383413
2019-12-13,143.746521,145.857101,145.655685,144.944748,7264810247
2019-12-14,142.434555,145.529083,144.953415,142.869232,7048066973
2019-12-15,139.426956,143.925354,142.864990,143.114990,7235153411
2019-12-16,132.456665,143.224854,143.139526,133.614029,8992282119
2019-12-17,121.395081,134.011536,133.647186,122.603889,9057166141
2019-12-18,119.780060,133.394165,122.656837,133.092194,11864518321
2019-12-19,125.971664,134.190643,133.052780,129.321136,9564699140
2019-12-20,126.985352,129.756302,129.384369,129.066055,8173594150
2019-12-21,127.612091,129.147659,129.095963,128.130951,7449064703
2019-12-22,127.928490,133.160034,128.098129,132.372513,9121058481
2019-12-23,127.416718,134.731750,132.306992,128.614090,9622497693
2019-12-24,127.308769,131.672287,128.629257,129.063889,7961819689
2019-12-25,124.885490,129.068497,129.068497,126.454636,8418019054
2019-12-26,125.406441,130.898346,126.486328,126.361221,8600871980
2019-12-27,124.820808,128.097565,126.368797,127.214607,8299390176
2019-12-28,126.899696,130.258163,127.213013,128.322708,8069298610
2019-12-29,127.997658,136.811203,128.266876,134.757980,9708776786
2019-12-30,131.545563,136.757355,134.796524,132.633484,9796951716
2019-12-31,128.798157,133.732681,132.612274,129.610855,8936866397
2020-01-01,129.198288,132.835358,129.630661,130.802002,7935230330
2020-01-02,126.954910,130.820038,130.820038,127.410179,8032709256
2020-01-03,126.490021,134.554016,127.411263,134.171707,10476845358
2020-01-04,133.040558,136.052719,134.168518,135.069366,7430904515
2020-01-05,135.045624,139.410202,135.072098,136.276779,7526675353
2020-01-06,136.079636,144.328186,136.305542,144.304153,9093747121
2020-01-07,140.488876,145.001770,144.311996,143.543991,9257954672
2020-01-08,138.268204,146.828003,143.487823,141.258133,9387194957
2020-01-09,136.236404,141.393982,141.155777,138.979202,7697325348
2020-01-10,135.520401,144.167328,138.967041,143.963776,9084816203
2020-01-11,142.207962,146.480911,143.409103,142.927109,9332208590
2020-01-12,142.707642,146.145859,143.032547,145.873932,8528167453
2020-01-13,142.907135,146.791229,146.220139,144.226593,8378529470
2020-01-14,144.064926,167.681549,144.251053,165.955353,16712318373
2020-01-15,161.109619,170.425674,165.734619,166.230682,15173694057
2020-01-16,159.709641,167.058151,166.332825,164.391006,13735193018
2020-01-17,162.775604,173.069214,164.489380,170.779953,14997091826
2020-01-18,166.789017,178.528778,170.747726,175.365677,14929342256
2020-01-19,163.676865,177.247635,175.467590,166.969849,13713374132
2020-01-20,162.331604,169.114883,166.904129,167.120514,11144529787
2020-01-21,165.819717,169.910110,167.060471,169.697159,9789369362
2020-01-22,166.774231,171.008698,169.608536,168.294159,9209827928
2020-01-23,160.295319,168.312241,168.295700,162.928558,10396868698
2020-01-24,156.749741,164.309448,162.899368,163.051178,10657671162
2020-01-25,158.632477,163.227234,163.067291,161.283936,8256956802
2020-01-26,160.281128,168.220322,161.176819,168.077103,9261861590
2020-01-27,166.901093,172.922913,168.008850,170.930893,11004476145
2020-01-28,170.738068,176.370316,170.884857,176.370316,11772875064
2020-01-29,175.050339,178.842972,176.347885,175.050339,10725267311
2020-01-30,172.374634,186.260483,174.917709,184.690475,12604789338
2020-01-31,176.296814,185.405838,184.736908,180.160172,11728616394
2020-02-01,179.745178,183.845551,180.113770,183.673950,11569697182
2020-02-02,180.173950,193.080399,183.532501,188.617538,14054425389
2020-02-03,188.012695,193.436890,188.607407,189.865067,12392875241
2020-02-04,185.403625,191.111496,189.861725,189.250595,11714191695
2020-02-05,188.752686,206.804001,189.299103,204.230240,14865434435
2020-02-06,201.904068,214.597717,204.129700,212.339081,16425589683
2020-02-07,212.304199,223.140930,212.315887,222.726059,16673443564
2020-02-08,215.386292,226.588089,222.510971,223.146515,16741203125
2020-02-09,222.982239,229.864243,222.982239,228.578568,15031356241
2020-02-10,218.080048,229.184616,228.549133,223.522705,16210008511
2020-02-11,218.617615,236.547134,223.384933,235.851196,16964695963
2020-02-12,235.896271,272.398834,235.898224,265.406128,24545049386
2020-02-13,258.922516,273.741058,265.052704,268.099243,25801317504
2020-02-14,262.762512,285.056427,268.023285,284.217499,23558253463
2020-02-15,264.279663,287.123688,284.561310,264.728577,23682452994
2020-02-16,242.484406,272.882446,264.904053,259.894714,25152366643
2020-02-17,244.335327,266.871246,259.890564,266.363434,26024080089
2020-02-18,261.463898,283.196136,266.508820,281.944580,26511477187
2020-02-19,259.763977,283.537933,282.036285,259.763977,22679414413
2020-02-20,250.951263,263.695404,259.819855,257.949463,23229828870
2020-02-21,255.689087,267.004852,257.891113,265.600616,20867593292
2020-02-22,258.913147,266.387207,265.551575,262.331726,16906032862
2020-02-23,261.960510,273.754150,262.278412,273.754150,19585998814
2020-02-24,259.625153,275.539520,273.705078,265.216431,22400845640
2020-02-25,246.858994,265.431488,265.283386,247.817596,21878882134
2020-02-26,221.266556,249.649704,247.740204,225.680267,26235617201
2020-02-27,212.664520,237.228928,225.687042,226.753387,25645522790
2020-02-28,216.346207,234.208939,226.987610,226.760498,22563530559
2020-02-29,219.848511,232.256622,226.833450,219.848511,18181296376
2020-03-01,214.130432,226.677887,219.752686,218.970596,18179807469
2020-03-02,217.284286,232.811584,218.711624,230.569778,20305587789
2020-03-03,221.732666,232.325806,230.523972,224.479630,19853178572
2020-03-04,222.088882,228.040421,224.565338,224.517975,16567075208
2020-03-05,224.641891,234.364456,224.641891,229.268188,18201291785
2020-03-06,228.743576,243.554977,229.168427,243.525299,19374772256
2020-03-07,237.551285,249.978485,243.750198,237.853088,19431652027
2020-03-08,200.602982,237.780685,237.780685,200.689056,21381823651
2020-03-09,192.269897,207.451401,201.318497,201.986328,23645428606
2020-03-10,198.064499,205.714249,202.863953,200.767242,18344930072
2020-03-11,184.362152,202.954300,200.768036,194.868530,16984790291
2020-03-12,111.210709,195.147934,194.738922,112.347122,22134741655
2020-03-13,95.184303,137.429535,112.689995,133.201813,27864623061
2020-03-14,122.414474,134.484375,133.582474,123.306023,12740784545
2020-03-15,121.853653,132.242142,123.246063,125.214302,12719251813
2020-03-16,105.171440,124.996117,124.996117,110.605873,15984904590
2020-03-17,110.406784,118.988281,110.406784,113.942749,12087490572
2020-03-18,111.743111,116.021622,113.857643,114.842270,11617854009
2020-03-19,114.732864,140.527725,114.839828,136.593857,16396753275
2020-03-20,122.605659,150.853806,136.649277,132.737167,18960388062
2020-03-21,127.163757,135.972412,133.101761,132.818710,13684083308
2020-03-22,122.909332,136.151642,132.851135,123.321152,12497707224
2020-03-23,121.867882,134.911606,123.365982,134.911606,14149877968
2020-03-24,133.168777,141.948532,135.194138,138.761444,14609068673
2020-03-25,134.304230,141.403793,138.914963,136.195892,13433092920
2020-03-26,134.886032,138.830566,136.190674,138.361557,11367261176
2020-03-27,133.937943,139.902695,138.369934,133.937943,11396286629
2020-03-28,126.962189,134.032745,134.032745,130.986496,12162403960
2020-03-29,125.450050,131.174088,131.015335,125.583733,9938133669
2020-03-30,125.289680,133.911469,125.577896,132.904541,11841123306
2020-03-31,131.652893,134.274139,132.820923,133.593567,11065246317
2020-04-01,129.730942,135.634552,133.612320,135.634552,12456564435
2020-04-02,135.732178,146.787094,135.732178,142.029144,15322861686
2020-04-03,139.619385,146.899872,142.110458,142.091309,13184603402
2020-04-04,140.121826,145.377304,142.215179,145.219391,11946658257
2020-04-05,142.102081,146.128525,145.261017,143.546646,11280993591
2020-04-06,143.544601,169.272644,143.608215,169.135880,21636382525
2020-04-07,164.203323,175.204132,169.147446,165.101944,21659346091
2020-04-08,164.493195,173.210266,165.240326,172.641739,17063110836
2020-04-09,167.987122,172.897781,172.761261,170.807144,14901696210
2020-04-10,154.914474,170.949768,170.829269,158.412445,17980944616
2020-04-11,155.298340,161.167572,158.538986,158.216019,13555089447
2020-04-12,156.320511,164.516953,158.232391,161.142426,15123721386
2020-04-13,151.614487,160.749695,160.720673,156.279556,16465282133
2020-04-14,155.865936,160.944275,156.355957,157.596390,14723156630
2020-04-15,152.802841,160.711121,157.565643,153.286896,14171753737
2020-04-16,150.359421,173.157272,153.200424,172.157379,22910469236
2020-04-17,null,null,null,null,null
2020-04-18,171.618073,187.940475,171.618073,186.914001,20160323443
2020-04-19,180.120819,188.098923,186.861984,181.614960,19146038381
2020-04-20,170.321274,186.083542,181.480225,172.297165,21266681335
2020-04-21,170.552841,175.178467,172.017715,172.737701,16458767984
2020-04-22,171.826599,183.751007,172.670395,182.599579,17994666395
2020-04-23,180.340652,189.088867,182.620178,185.028671,21275740032
2020-04-24,185.222107,190.210388,185.222107,189.236938,16788555028
2020-04-25,188.459534,196.792374,189.207397,195.515305,18260969748
2020-04-26,194.768066,199.344971,195.413589,197.317535,18335367012
2020-04-27,193.454163,199.552795,197.475723,197.224716,18670194595
2020-04-28,194.849426,198.786545,197.273514,198.415390,18217507467
2020-04-29,198.124512,218.454636,198.465195,216.968231,26397548759
2020-04-30,206.436920,227.529694,216.909134,207.602051,28089191904
2020-05-01,207.780884,217.628021,207.901733,214.219101,20816320834
2020-05-02,212.878677,215.847534,214.230087,215.325378,18260876092
2020-05-03,208.692368,219.270874,215.352066,210.933151,20469034664
2020-05-04,199.047729,211.828384,210.890854,208.174011,22602446422
2020-05-05,204.031128,211.778625,208.013000,206.774399,19004689099
2020-05-06,204.040878,211.534622,206.481354,204.055786,20343543799
2020-05-07,202.074844,214.392471,203.912857,212.289413,23594744655
2020-05-08,208.830734,216.327682,212.198242,212.991577,20445139356
2020-05-09,209.071518,214.739120,213.142166,211.600128,18950547549
2020-05-10,182.711166,211.552200,211.552200,188.599564,25211575193
2020-05-11,180.718338,191.362335,188.632187,185.912842,20054601647
2020-05-12,185.701797,191.601349,185.877335,189.312500,15899726284
2020-05-13,189.127701,200.197327,189.374100,199.193283,17054662289
2020-05-14,196.868820,204.117599,198.891510,202.949097,20150524861
2020-05-15,193.755676,203.566391,202.955399,195.622665,16602342092
2020-05-16,194.501587,202.771194,195.613388,200.677124,15379081645
2020-05-17,200.102798,209.160934,200.608871,207.158691,15470397303
2020-05-18,207.109070,215.908463,207.179779,214.525055,17411566928
2020-05-19,210.143051,214.604935,214.604935,213.451111,14346192779
2020-05-20,207.975815,214.716827,213.446243,210.096741,12730175511
2020-05-21,193.346436,211.625183,210.129150,199.883606,13308321229
2020-05-22,198.040863,208.591537,199.837112,207.169189,12041592114
2020-05-23,205.294220,210.386459,207.194489,208.694397,10665476768
2020-05-24,202.370346,210.595078,208.716064,202.370346,11833299572
2020-05-25,200.667557,206.361450,201.982651,205.319748,10415044124
2020-05-26,200.264282,205.752548,205.259567,201.902313,10159741290
2020-05-27,201.785065,208.863434,201.893005,208.863434,10631034756
2020-05-28,206.242661,220.276505,208.885437,219.840424,12212469604
2020-05-29,218.238052,224.216873,219.925049,220.675125,12265816557
2020-05-30,218.744461,243.943146,220.717209,242.345596,15027397867
2020-05-31,230.052826,244.045258,242.351379,230.975708,12234904813
2020-06-01,230.488052,248.236282,230.860260,246.991760,13951727936
2020-06-02,233.225296,252.222000,246.828186,237.219055,13782107567
2020-06-03,235.464447,244.179321,237.395218,244.179321,9861760817
2020-06-04,236.765305,245.928970,244.105286,244.426392,10170414304
2020-06-05,240.682053,247.329498,244.349594,241.221985,9293963914
2020-06-06,239.724533,245.981049,241.201355,241.931320,8114873845
2020-06-07,236.325256,245.435257,241.908081,245.167252,9544883157
2020-06-08,241.542191,246.644196,245.178574,246.309906,8076783299
2020-06-09,242.338547,248.342438,246.175018,244.911453,8446545788
2020-06-10,242.819748,248.651154,244.822067,247.444946,8792990206
2020-06-11,229.942978,249.888306,247.548538,231.702667,12356528860
2020-06-12,229.645065,239.354691,231.625458,237.493210,8868955009
2020-06-13,235.889679,239.193100,237.544617,238.908844,7141624980
2020-06-14,232.958191,239.101456,238.968185,234.114700,7439385176
2020-06-15,221.241760,234.237839,234.058304,229.928909,10536099884
2020-06-16,228.426147,236.394302,229.762299,234.416168,7965648016
2020-06-17,229.341644,235.954056,234.492371,233.028275,7701391592
2020-06-18,228.951431,234.570648,232.898697,232.101166,6713800872
2020-06-19,226.795181,232.154114,231.954971,227.138290,6946372590
2020-06-20,226.640625,231.449020,226.976364,229.274261,6252830566
2020-06-21,228.492996,232.358948,229.216141,228.989822,5600408178
2020-06-22,228.934738,243.776016,229.003372,242.533188,9079586552
2020-06-23,239.759735,244.864410,242.537018,244.142151,6624530348
2020-06-24,232.807739,248.508026,244.185928,235.772461,8815030025
2020-06-25,230.296600,236.053406,235.702850,232.944489,7010426122
2020-06-26,229.259460,233.901932,232.877487,229.668045,7187490226
2020-06-27,220.564575,232.493423,229.631485,222.959793,6918380955
2020-06-28,219.472672,228.598282,222.914490,225.347168,6205925718
2020-06-29,222.254990,229.903214,225.361435,228.194870,6726164653
2020-06-30,224.815186,229.476807,227.968430,226.315002,6094093001
2020-07-01,224.835739,232.756119,226.134583,231.113419,6463737443
2020-07-02,225.461960,232.396881,231.288910,229.392197,6212210566
2020-07-03,224.913971,229.629318,229.318954,225.387070,5109032700
2020-07-04,225.133316,230.054138,225.288483,229.074112,5228310135
2020-07-05,224.544495,229.856720,228.976196,227.664597,5292172429
2020-07-06,227.029526,242.132706,227.685013,241.510223,8782917553
2020-07-07,234.218658,242.681854,240.972595,239.075531,6441497597
2020-07-08,238.398376,248.308868,239.159973,246.670013,9892586411
2020-07-09,239.898651,247.291672,246.748291,243.015961,8429099199
2020-07-10,236.730530,242.883789,242.868011,240.984985,7281370522
2020-07-11,238.331238,241.527481,241.044785,239.458176,5643067316
2020-07-12,237.770218,243.311142,239.459641,242.131699,6596394718
2020-07-13,238.232376,244.310516,242.181870,239.604584,7787751468
2020-07-14,237.796188,242.003784,239.975616,240.211487,7357458555
2020-07-15,237.096176,241.402695,240.143646,238.423523,6189328448
2020-07-16,231.621170,239.006256,238.450912,233.640884,5832057567
2020-07-17,232.109970,234.415070,233.691391,232.773087,5859850529
2020-07-18,232.324890,236.543976,232.855682,235.483810,5397402117
2020-07-19,233.279739,239.160690,235.458298,238.487518,6251377305
2020-07-20,234.852646,239.576248,238.494873,236.153168,5600686192
2020-07-21,235.680969,246.186264,236.302505,245.016724,6806696015
2020-07-22,242.484344,262.985046,245.037262,262.190643,7702077383
2020-07-23,261.047089,277.583466,262.388641,274.689056,10281309262
2020-07-24,269.239777,286.192841,274.722687,279.215424,9466060358
2020-07-25,279.026367,306.740997,279.026367,304.056763,10785021813
2020-07-26,300.267822,316.386322,303.692383,309.643616,12003973026
2020-07-27,309.657928,330.701202,309.657928,321.514099,15644257058
2020-07-28,307.721344,325.905975,321.829742,316.657257,12357108065
2020-07-29,313.109589,324.380798,316.555359,318.190887,10878845706
2020-07-30,315.751099,338.631195,318.144989,334.586639,11827689045
2020-07-31,329.340942,348.611359,334.633728,345.554657,12030600492
2020-08-01,343.587433,388.847961,345.798615,385.199707,14045259477
2020-08-02,357.143646,411.228302,385.549866,370.671722,18909744275
2020-08-03,369.336334,396.506989,371.133850,386.295166,12834648062
2020-08-04,382.985107,400.700623,386.156464,389.875488,14086704221
2020-08-05,386.218475,406.303955,389.710815,401.590576,12875466638
2020-08-06,392.600189,403.488678,401.583862,394.961945,11304626458
2020-08-07,367.935516,398.249023,395.226868,379.512848,12751687084
2020-08-08,377.349731,393.987366,379.551575,393.987366,9342060531
2020-08-09,385.830719,399.737091,395.305237,391.120453,9451065592
2020-08-10,391.041504,399.375946,391.041504,395.887573,11685827893
2020-08-11,370.860626,398.478912,395.894714,380.384064,12792218737
2020-08-12,367.923615,391.312317,380.063812,391.024170,12408772745
2020-08-13,379.710876,432.904602,390.838104,428.741791,18480303526
2020-08-14,423.345856,444.577759,428.677277,437.397827,15064589987
2020-08-15,429.874603,441.754608,437.562988,433.354919,12416067894
2020-08-16,415.086243,436.265839,433.350586,433.786621,12168816874
2020-08-17,422.647278,442.734985,433.973755,429.531250,13227089410
2020-08-18,419.674103,432.580292,429.669617,423.669312,11978984079
2020-08-19,396.678345,427.024658,423.738586,406.463776,13137391167
2020-08-20,404.026093,418.734436,406.758911,416.439789,10043032427
2020-08-21,387.441132,418.637970,416.148773,389.126343,11781796374
2020-08-22,382.814636,396.466583,389.031097,395.835144,10131847985
2020-08-23,385.039795,396.490417,395.562836,391.384491,8137303970
2020-08-24,389.314606,409.388580,391.678986,408.144196,10328860398
2020-08-25,374.355377,408.527924,408.071686,384.001038,12428442042
2020-08-26,378.705841,391.873260,383.977448,386.466125,9967343483
2020-08-27,374.866486,395.349182,386.609863,382.632629,10457777652
2020-08-28,381.273834,397.757629,382.629578,395.874664,9120674421
2020-08-29,393.037415,405.616364,395.687592,399.921478,8777703481
2020-08-30,399.608368,428.663971,399.616699,428.395721,11211948040
2020-08-31,419.770172,438.560333,428.509003,435.079742,12774741797
2020-09-01,432.079193,487.211884,434.874451,477.051910,18862763756
2020-09-02,424.460022,480.330994,477.007874,440.040497,19691854014
2020-09-03,381.129700,449.532471,440.239990,385.671936,19622845896
2020-09-04,371.636688,402.411743,384.671631,388.241150,16747106257
2020-09-05,316.774353,394.172272,388.038391,335.260071,29880047640
2020-09-06,319.041901,359.764038,335.334564,353.362274,27643678917
2020-09-07,326.254364,358.211884,353.450256,352.673492,21763614732
2020-09-08,328.816772,355.562866,353.202271,337.602112,17991403432
2020-09-09,332.165009,359.164490,337.824921,351.110016,14547933520
2020-09-10,351.111755,377.393585,351.429321,368.101898,31421134556
2020-09-11,355.582581,376.630402,368.118500,374.695587,27296269329
2020-09-12,367.842194,387.538452,374.595398,387.183105,13295405814
2020-09-13,354.340179,388.959808,387.519287,365.570007,15005899191
2020-09-14,357.569763,384.485199,365.699585,377.268860,17536695361
2020-09-15,363.606812,381.508301,377.154022,364.839203,16140584321
2020-09-16,356.682739,372.767426,364.743988,365.812286,16107612177
2020-09-17,364.795135,393.901611,365.865784,389.019226,19899531080
2020-09-18,376.964996,391.904144,389.337494,384.364532,14108357740
2020-09-19,378.724060,387.076355,384.041656,385.544373,11049507684
2020-09-20,367.094360,385.597992,385.597992,371.052826,12292195784
2020-09-21,336.068970,375.737030,371.400146,341.786072,17398267133
2020-09-22,336.855042,346.600830,341.723816,344.503174,12732578043
2020-09-23,317.692078,345.635590,344.622498,320.585541,12047020995
2020-09-24,318.418976,351.464630,320.618317,349.356659,13460565701
2020-09-25,339.350311,357.957245,349.363129,352.161865,12254269350
2020-09-26,348.129639,355.960632,352.531250,354.965271,11036752997
2020-09-27,349.094391,362.051361,354.587219,357.321686,11464393949
2020-09-28,354.825134,366.890259,357.311157,354.950500,12102509266
2020-09-29,351.819458,360.793488,354.974823,359.963409,10286529445
2020-09-30,353.614349,361.210327,359.942352,360.022369,9773649426
2020-10-01,347.197937,369.286987,360.004639,353.231293,12360670278
2020-10-02,337.356934,354.075226,353.220184,346.532654,12946215647
2020-10-03,344.886658,351.627930,346.502655,347.321594,8599594017
2020-10-04,345.398712,354.253326,347.272430,353.121918,9308536486
2020-10-05,350.197632,355.217896,353.045807,354.277100,9933790982
2020-10-06,338.520233,355.504059,354.137787,341.021149,11497841885
2020-10-07,335.533600,342.591248,341.091675,342.119781,10537119715
2020-10-08,336.497101,352.800385,342.094971,351.455658,11511016796
2020-10-09,null,null,null,null,null
2020-10-10,365.354034,378.267151,365.402466,370.967590,13618484324
2020-10-11,369.828033,377.246796,370.928436,375.142059,12584512533
2020-10-12,null,null,null,null,null
2020-10-13,null,null,null,null,null
2020-10-14,374.175018,387.296173,381.971466,379.484039,13918846567
2020-10-15,371.354126,381.208771,379.192230,377.441833,14964182545
2020-10-16,362.597412,380.021515,377.868500,366.229004,14670784817
2020-10-17,364.489014,369.768127,366.015717,368.855927,10951115359
2020-10-18,368.129150,378.597656,368.727539,378.213684,11047103109
2020-10-19,373.702271,383.317657,378.469635,379.935608,12811242092
2020-10-20,367.601074,380.761017,379.719696,369.136902,13741586582
2020-10-21,368.727966,400.627258,369.059418,392.189972,20241324322
2020-10-22,391.276306,420.141663,391.488617,413.772980,15772846485
2020-10-23,403.082031,418.959930,414.051331,409.766693,14256222052
2020-10-24,407.851715,416.599670,409.767242,412.457611,12201739194
2020-10-25,405.350647,417.159210,412.457642,406.217773,10890207469
2020-10-26,383.782898,411.279877,406.217987,393.888306,15155684229
2020-10-27,390.608459,409.772858,393.888184,403.997040,13940434102
2020-10-28,381.146332,408.964752,403.997101,388.650757,15276441134
2020-10-29,381.288757,393.227692,388.651062,386.730103,12920477749
2020-10-30,375.092407,391.464722,386.730255,382.819977,13688056970
2020-10-31,381.295258,393.010132,382.820038,386.590332,11276963426
2020-11-01,385.165527,397.116119,386.590332,396.358185,10475146018
2020-11-02,381.017639,403.240753,396.355988,383.156738,13997574252
2020-11-03,371.312744,389.515381,383.156036,387.602173,12588494762
2020-11-04,377.827606,407.665649,387.603210,402.141998,15126077675
2020-11-05,397.245819,417.525940,402.142944,414.067352,15440711038
2020-11-06,412.982300,456.200623,414.066711,454.719299,16738305610
2020-11-07,428.456360,465.675476,454.722565,435.713135,18873289788
2020-11-08,433.153778,457.780457,435.718811,453.554779,11292383601
2020-11-09,435.163879,457.349609,453.574158,444.163055,13704320630
2020-11-10,439.600128,453.758362,444.166382,449.679626,12090381666
2020-11-11,449.524933,473.578857,449.679657,462.960541,14075403511
2020-11-12,452.072418,467.677826,462.959534,461.005280,12877327234
2020-11-13,457.298248,475.217255,461.005493,474.626434,13191505725
2020-11-14,452.986084,475.161438,474.626434,460.149841,10312037942
2020-11-15,440.254333,460.994080,460.149902,447.559082,10308617165
2020-11-16,445.501617,463.831024,447.558990,459.940308,11441239444
2020-11-17,460.776611,482.232208,464.406647,480.360077,14593057877
2020-11-18,465.830963,491.999908,480.346832,479.484070,17880199224
2020-11-19,465.704254,480.121735,479.481018,471.630432,12473929218
2020-11-20,471.631470,513.610352,471.631470,509.744568,18629943296
2020-11-21,504.237762,550.227417,509.744598,549.486633,20757099184
2020-11-22,514.517212,579.372498,549.486633,558.068115,21967049601
2020-11-23,551.265259,609.987610,558.059509,608.454041,27272302872
2020-11-24,593.835144,621.173401,608.522766,603.897766,23281758100
2020-11-25,559.671387,605.094177,603.902039,570.686646,20088492893
2020-11-26,485.497314,575.641479,570.514893,518.801147,31104004592
2020-11-27,497.242615,530.777161,519.108093,517.493713,16831105703
2020-11-28,508.125366,548.044861,517.597351,538.229797,14770243833
2020-11-29,531.987549,576.602417,538.264587,575.758057,15017517758
2020-11-30,571.537781,615.240540,575.757080,614.842529,20276867833
2020-12-01,571.753967,635.160583,615.070313,587.324158,27178964465
2020-12-02,578.741028,604.022461,587.261597,598.352356,16883292129
2020-12-03,588.346375,622.452698,598.459229,616.708740,16146190946
2020-12-04,569.283508,618.983154,616.722778,569.354187,16337589997
2020-12-05,563.106628,596.595459,569.347656,596.595459,13498010566
2020-12-06,584.411743,606.791931,596.568665,601.908997,11290893016
2020-12-07,585.428650,602.917908,601.797119,591.843384,10720480962
2020-12-08,552.469238,594.751587,591.900818,554.827759,14398919320
2020-12-09,532.998413,577.288391,554.792908,573.479126,15855915840
2020-12-10,549.784058,574.600159,573.504028,559.678528,11672582040
2020-12-11,537.811646,560.376709,559.679199,545.797363,11098819124
2020-12-12,545.245605,573.339417,545.578552,568.567322,8534557897
2020-12-13,564.565979,593.781250,568.609863,589.663208,9070377862
2020-12-14,577.118408,590.492981,589.782471,586.011169,8125837102
2020-12-15,580.628784,596.247742,586.021790,589.355591,9326645840
2020-12-16,582.039124,636.640320,589.378662,636.181824,15817248373
2020-12-17,628.749390,673.834229,636.154175,642.868958,25479532147
2020-12-18,632.356079,662.699097,642.916992,654.811951,15756303983
2020-12-19,646.616211,668.769592,654.624207,659.297913,12830893778
2020-12-20,625.014465,659.923706,659.185059,638.290833,13375855442
2020-12-21,600.836060,646.846558,638.315186,609.817871,14419493621
2020-12-22,589.552002,635.076599,609.420532,634.854187,14745890080
2020-12-23,560.364258,637.122803,634.824585,583.714600,15261413038
2020-12-24,568.596375,613.815186,584.135620,611.607178,14317413703
2020-12-25,605.424438,633.061401,611.554565,626.410706,13520927700
2020-12-26,617.402100,650.721436,626.498047,635.835815,14761125202
2020-12-27,628.334961,711.393555,635.887146,682.642334,26093552821
2020-12-28,683.205811,745.877747,683.205811,730.397339,24222565862
2020-12-29,692.149414,737.952881,730.358704,731.520142,18710683199
2020-12-30,720.988892,754.303223,731.472839,751.618958,17294574210
2020-12-31,726.511902,754.299438,751.626648,737.803406,13926846861
2021-01-01,719.792236,749.201843,737.708374,730.367554,13652004358
2021-01-02,718.109497,786.798462,730.402649,774.534973,19740771179
2021-01-03,771.561646,1006.565002,774.511841,975.507690,45200463368
2021-01-04,912.305359,1153.189209,977.058838,1040.233032,56945985763
2021-01-05,986.811279,1129.371460,1041.498779,1100.006104,41535932781
2021-01-06,1064.233398,1209.428589,1101.005005,1207.112183,44699914188
2021-01-07,1167.443115,1282.579590,1208.078369,1225.678101,40468027280
2021-01-08,1076.081543,1273.827515,1225.967896,1224.197144,44334826666
2021-01-09,1182.270386,1303.871826,1223.740479,1281.077271,33233105361
2021-01-10,1194.715576,1347.926147,1280.871094,1262.246704,40616938053
2021-01-11,924.922607,1261.622925,1261.622925,1090.145386,60733630300
2021-01-12,1012.764160,1149.240234,1088.526733,1043.434570,37494601692
2021-01-13,994.549072,1134.338501,1043.740967,1130.739380,30109792795
2021-01-14,1093.060791,1244.163086,1130.231201,1218.453003,33410915929
2021-01-15,1090.721069,1250.505859,1221.877197,1171.834595,35972039310
2021-01-16,1157.623779,1290.053589,1171.443115,1233.537598,32319240157
2021-01-17,1174.388550,1265.644653,1233.453369,1230.172241,29258032819
2021-01-18,1187.311035,1259.450073,1230.313232,1257.279541,25817455560
2021-01-19,1254.522949,1432.300049,1257.434570,1377.295898,47195935190
2021-01-20,1243.299927,1405.744141,1375.248413,1382.274048,46784030909
2021-01-21,1098.476196,1382.684448,1382.684448,1121.570923,45932464754
2021-01-22,1046.596558,1271.687622,1118.889038,1236.512207,43918338506
2021-01-23,1200.893311,1272.151123,1235.267944,1230.990601,27253895441
2021-01-24,1225.274048,1395.111328,1231.210571,1391.609375,36418163554
2021-01-25,1304.973999,1467.784912,1390.639893,1324.414795,43565777745
2021-01-26,1253.340332,1376.085083,1323.741699,1357.058105,41572917750
2021-01-27,1215.311279,1368.074097,1358.333374,1253.187134,39394416990
2021-01-28,1226.173950,1321.613037,1251.279785,1298.101807,39790481941
2021-01-29,1292.240112,1428.981201,1369.086792,1382.522827,53611955259
2021-01-30,1328.529053,1402.399780,1382.231934,1376.115479,30616574234
2021-01-31,1288.501587,1378.916016,1376.823608,1314.986206,25198853581
2021-02-01,1274.357788,1373.845825,1314.855225,1369.040527,29210670920
2021-02-02,1362.771240,1542.990967,1369.505127,1515.193726,45437142801
2021-02-03,1510.010254,1660.909546,1514.769653,1660.909546,41874566399
2021-02-04,1561.853516,1689.186646,1661.170166,1594.762695,44396871836
2021-02-05,1594.793335,1756.510986,1594.793335,1718.650879,40108628454
2021-02-06,1649.068726,1738.314453,1717.797485,1677.846802,39873420648
2021-02-07,1501.750244,1690.036621,1677.605713,1614.227783,39889440151
2021-02-08,1571.579956,1770.590820,1613.642212,1746.616821,48012285956
2021-02-09,1711.620605,1815.963623,1746.926147,1768.035034,44180727529
2021-02-10,1686.542358,1826.696777,1768.039795,1744.243408,41916084617
2021-02-11,1708.679199,1806.539063,1743.714233,1783.797974,36021495262
2021-02-12,1744.168945,1861.356934,1783.489136,1843.532593,37905036865
2021-02-13,1770.612061,1871.603516,1843.986816,1814.109863,35359490535
2021-02-14,1789.914185,1848.154053,1814.372314,1805.084106,31439114900
2021-02-15,1683.906616,1833.830566,1804.676758,1779.791016,38955610883
2021-02-16,1729.641968,1824.518677,1778.945557,1781.067505,34269369268
2021-02-17,1736.705811,1853.667603,1781.350098,1848.458252,35955412703
2021-02-18,1848.206299,1949.903442,1848.206299,1937.449219,28255902969
2021-02-19,1896.684448,1969.546997,1938.859863,1960.164795,26268814253
2021-02-20,1830.531494,2036.286499,1959.902954,1919.534058,34696091102
2021-02-21,1890.368164,1974.259644,1918.673096,1935.601074,23626547717
2021-02-22,1580.626587,1936.453735,1935.557861,1781.992920,42409646036
2021-02-23,1378.840942,1781.409058,1781.409058,1570.203979,52029864713
2021-02-24,1511.018921,1710.983765,1571.476440,1626.575684,31329000537
2021-02-25,1465.058960,1670.224121,1625.393921,1475.703735,24481681873
2021-02-26,1407.979248,1559.028931,1478.653320,1446.033691,31435997881
2021-02-27,1433.786987,1524.932373,1446.929443,1459.973145,20742103233
2021-02-28,1300.472168,1468.391479,1459.860474,1416.048950,27637026080
2021-03-01,1416.416138,1567.694580,1417.151123,1564.707642,24032838645
2021-03-02,1461.325439,1597.610107,1564.063477,1492.608765,22523669722
2021-03-03,1481.905762,1650.360596,1491.451172,1575.853149,22674780680
2021-03-04,1511.103394,1622.953857,1574.623779,1541.914307,22906118718
2021-03-05,1450.891357,1547.878174,1541.541748,1533.275024,21067146937
2021-03-06,1519.141113,1669.106567,1532.372803,1654.741577,22746262366
2021-03-07,1636.564453,1730.924194,1655.392456,1723.153809,23809935410
2021-03-08,1670.942017,1835.192139,1724.229248,1834.727905,27630991158
2021-03-09,1804.266357,1868.048828,1835.148071,1868.048828,23461244507
2021-03-10,1766.490479,1873.803223,1868.489014,1799.166260,25154173185
2021-03-11,1734.617065,1843.818848,1798.033936,1826.194946,24013132909
2021-03-12,1728.980957,1839.497314,1826.546753,1772.102417,22435821312
2021-03-13,1733.639893,1937.645508,1772.166382,1924.685425,25014689475
2021-03-14,1845.119995,1930.779785,1923.863770,1854.564331,19344589211
2021-03-15,1749.606323,1889.196655,1854.086670,1791.702271,26244738810
2021-03-16,1720.053223,1817.060181,1792.413818,1806.971802,23828509590
2021-03-17,1749.179932,1839.818970,1807.056152,1823.449341,24512917348
2021-03-18,1705.716064,1848.646118,1823.158447,1782.855103,23263845504
2021-03-19,1746.473389,1841.196045,1782.568726,1817.624146,21249297710
2021-03-20,1811.728638,1874.708984,1817.522705,1812.634644,22677674970
2021-03-21,1764.139282,1823.353027,1812.606567,1788.217041,22977404620
2021-03-22,1674.299805,1811.968262,1788.362183,1691.333984,23599296129
2021-03-23,1662.539917,1725.108765,1690.871826,1678.650146,21998237965
2021-03-24,1570.787964,1740.428223,1678.002563,1593.413452,31228051473
2021-03-25,1560.370483,1625.911499,1593.123291,1595.359253,29650328701
2021-03-26,1594.736694,1702.922852,1595.210083,1702.842041,22548516548
2021-03-27,1674.319336,1732.824341,1703.036133,1716.494629,18102277710
2021-03-28,1672.660400,1728.584106,1716.405640,1691.355957,16599472938
2021-03-29,1683.716553,1837.187988,1691.263184,1819.684937,22796570548
2021-03-30,1793.922363,1860.974731,1819.466309,1846.033691,22512781703
2021-03-31,1793.002197,1947.837769,1846.098267,1918.362061,30226902621
2021-04-01,1912.178467,1989.055054,1919.157227,1977.276855,30914259795
2021-04-02,1960.678711,2152.451904,1976.932739,2143.225586,34862511022
2021-04-03,2028.422485,2144.962402,2142.895996,2028.422485,32011518871
2021-04-04,2007.111816,2110.353516,2027.671265,2093.122803,26006501902
2021-04-05,2032.387695,2140.985352,2093.260742,2107.887207,28889391170
2021-04-06,2057.609131,2151.223389,2109.493164,2118.378906,29222865881
2021-04-07,1945.442139,2133.187500,2117.728516,1971.077271,36116271935
2021-04-08,1959.079468,2091.516357,1969.133179,2088.573730,25312956529
2021-04-09,2055.163330,2102.873779,2088.772217,2072.108887,19812472092
2021-04-10,2062.787598,2196.996338,2071.111572,2135.942139,24986243611
2021-04-11,2119.865723,2165.191406,2136.156982,2157.656982,19692836132
2021-04-12,2110.368896,2199.718750,2157.361816,2139.353271,21727936609
2021-04-13,2138.559570,2318.423340,2139.364258,2299.187744,29456642939
2021-04-14,2284.563721,2449.687500,2299.347900,2435.104980,35592822986
2021-04-15,2409.924072,2544.267334,2436.034668,2519.116211,32325606817
2021-04-16,2318.675049,2547.555664,2516.601807,2431.946533,36196928256
2021-04-17,2333.682861,2497.385254,2429.980957,2344.895020,32349808978
2021-04-18,2011.766846,2365.460449,2346.452393,2237.136963,50696368718
2021-04-19,2086.688721,2276.776855,2238.032715,2166.188721,34060654971
2021-04-20,2060.143799,2345.834961,2161.939453,2330.210938,39433483315
2021-04-21,2238.366943,2467.200684,2331.160156,2364.751709,38899067643
2021-04-22,2315.960205,2641.094971,2357.871094,2403.535156,53575904724
2021-04-23,2117.039551,2439.537109,2401.256348,2363.586182,55413933925
2021-04-24,2163.693115,2367.740967,2367.199219,2211.625732,31854226936
2021-04-25,2172.515137,2354.086670,2214.413818,2316.059570,31814355546
2021-04-26,2308.315186,2536.337402,2319.478027,2534.481689,35208325408
2021-04-27,2485.375000,2676.392822,2534.031250,2662.865234,32275969215
2021-04-28,2564.081543,2757.477295,2664.685547,2746.380127,34269031076
2021-04-29,2672.106689,2797.972412,2748.649658,2756.876953,32578127990
2021-04-30,2728.169922,2796.054932,2757.734131,2773.207031,29777179889
2021-05-01,2755.908447,2951.440918,2772.838379,2945.892822,28726205272
2021-05-02,2860.526123,2984.891846,2945.560059,2952.056152,28032013047
2021-05-03,2951.175781,3450.037842,2951.175781,3431.086182,49174290212
2021-05-04,3180.742676,3523.585938,3431.131592,3253.629395,62402045158
2021-05-05,3213.101563,3541.462646,3240.554688,3522.783203,48334198383
2021-05-06,3386.239990,3598.895996,3524.930908,3490.880371,44300394788
2021-05-07,3370.261963,3573.290039,3490.105225,3484.729004,39607240515
2021-05-08,3453.768555,3950.165039,3481.988037,3902.647705,50208491286
2021-05-09,3743.989014,3981.259033,3911.463135,3928.844727,50568290278
2021-05-10,3684.451660,4197.473145,3924.413330,3952.293945,62691789007
2021-05-11,3783.889404,4178.208984,3948.271973,4168.701172,52679737865
2021-05-12,3785.848633,4362.350586,4174.635742,3785.848633,69023382175
2021-05-13,3549.407227,4032.563477,3828.918457,3715.148438,78398214539
2021-05-14,3703.399902,4171.017090,3720.122314,4079.057373,48174271215
2021-05-15,3638.122070,4129.185547,4075.951660,3638.122070,42422321751
2021-05-16,3350.951660,3878.895996,3641.830811,3587.506104,47359478734
2021-05-17,3129.008789,3587.765625,3581.343018,3282.397705,54061732774
2021-05-18,3246.404053,3562.465088,3276.872314,3380.070068,40416525218
2021-05-19,1952.460205,3437.935791,3382.657227,2460.679199,84482912776
2021-05-20,2170.229004,2993.145264,2439.638672,2784.294189,67610826680
2021-05-21,2113.347168,2938.205078,2772.341309,2430.621338,53774070802
2021-05-22,2168.124268,2483.983154,2436.014648,2295.705566,42089937660
2021-05-23,1737.468750,2384.411621,2298.367188,2109.579834,56005721977
2021-05-24,2090.639648,2672.595703,2099.936035,2643.591064,53697121740
2021-05-25,2394.355469,2750.534912,2649.033203,2706.628906,49558333256
2021-05-26,2652.094482,2911.735596,2707.052734,2888.698730,42499766020
2021-05-27,2642.607910,2888.752441,2888.752441,2736.488525,33373635283
2021-05-28,2336.361328,2761.363281,2742.468994,2419.906250,39999114805
2021-05-29,2208.490967,2566.938477,2414.067139,2279.514160,33773720220
2021-05-30,2188.834473,2472.187744,2278.288818,2390.305420,25876619428
2021-05-31,2279.505127,2715.854980,2387.198486,2714.945313,31007383150
2021-06-01,2531.160645,2739.737549,2707.560547,2633.518311,27363223090
2021-06-02,2555.401367,2801.392334,2634.456055,2706.125000,27723267359
2021-06-03,2667.684326,2891.254883,2708.376221,2855.126465,30038207402
2021-06-04,2562.637451,2857.165527,2857.165527,2688.195068,34173841611
2021-06-05,2558.233643,2817.484863,2691.619385,2630.576904,30496672724
2021-06-06,2616.162354,2743.441162,2629.748779,2715.092773,25311639414
2021-06-07,2583.995117,2845.185059,2713.047363,2590.263184,30600111277
2021-06-08,2315.546631,2620.846191,2594.602295,2517.438721,41909736778
2021-06-09,2412.197754,2625.070557,2510.199219,2608.267090,36075832186
2021-06-10,2435.401611,2619.957764,2611.142578,2471.518555,28753626390
2021-06-11,2326.869629,2495.414795,2472.858887,2353.768799,24832564195
2021-06-12,2265.758057,2447.227783,2354.752197,2372.484375,25724364410
2021-06-13,2312.640137,2547.367920,2372.690186,2508.391602,27092945370
2021-06-14,2469.388184,2606.432861,2508.770508,2537.891113,26964576331
2021-06-15,2515.153076,2639.229248,2587.762695,2610.936768,29005279219
2021-06-16,2354.350586,2554.628906,2544.864746,2367.663574,24101926180
2021-06-17,2312.301514,2457.175537,2367.306396,2372.001953,21871633186
2021-06-18,2147.308350,2377.195068,2374.586914,2231.733154,22752818388
2021-06-19,2168.885010,2278.415039,2235.159180,2178.499023,18765854896
2021-06-20,2049.962646,2275.382813,2171.337891,2246.364502,22535930423
2021-06-21,1867.185425,2259.464111,2245.317871,1888.447510,33745173825
2021-06-22,1707.600586,1993.159790,1886.667603,1874.950073,35547251725
2021-06-23,1827.571533,2043.530396,1878.625000,1989.736328,28408659206
2021-06-24,1887.432007,2032.339355,1968.957397,1988.456299,20272845769
2021-06-25,1794.400391,2017.759521,1989.215820,1813.217285,22774334998
2021-06-26,1719.559448,1850.179810,1810.884277,1829.239258,20637542361
2021-06-27,1811.245850,1979.958130,1830.996948,1978.894653,19885474742
2021-06-28,1963.615479,2139.805420,1981.386475,2079.657471,25514602841
2021-06-29,2076.240234,2242.238770,2083.448730,2160.768311,24815124419
2021-06-30,2090.760742,2282.989014,2164.216309,2274.547607,25828056268
2021-07-01,2081.081055,2274.397461,2274.397461,2113.605469,29061701793
2021-07-02,2021.824829,2155.596436,2109.892578,2150.040283,31796212554
2021-07-03,2117.590088,2237.567139,2150.834961,2226.114258,17433361641
2021-07-04,2190.837646,2384.286865,2226.550293,2321.724121,18787107473
2021-07-05,2163.041504,2321.922852,2321.922852,2198.582520,20103794829
2021-07-06,2197.919434,2346.294922,2197.919434,2324.679443,20891861314
2021-07-07,2298.026855,2403.773438,2323.208496,2315.161865,22398345285
2021-07-08,2089.414307,2324.006836,2317.949219,2120.026367,23188123689
2021-07-09,2051.066650,2185.376221,2115.573975,2146.692383,23029574602
2021-07-10,2081.923584,2190.124023,2146.999756,2111.403564,17581542471
2021-07-11,2083.803711,2172.653320,2110.875732,2139.664795,14705386138
2021-07-12,2011.018921,2167.710205,2140.506836,2036.721069,17768129077
2021-07-13,1922.577881,2040.693604,2034.098389,1940.083984,16621628658
2021-07-14,1869.223145,2015.107422,1941.167847,1994.331299,17342819679
2021-07-15,1883.272217,2037.742554,1994.712036,1911.175659,15688092552
2021-07-16,1853.590332,1959.696289,1916.598389,1880.382935,14884569147
2021-07-17,1855.590820,1917.597900,1876.881348,1898.825195,13364282076
2021-07-18,1883.012573,1988.336426,1900.194336,1895.552124,13791868728
2021-07-19,1807.909912,1916.118042,1893.053589,1817.296631,14157735481
2021-07-20,1722.050781,1836.998047,1819.082031,1787.510742,17368597636
2021-07-21,1759.023315,2025.680420,1786.276245,1990.970825,21253359756
2021-07-22,1954.297852,2044.116455,1994.822876,2025.202759,17495480331
2021-07-23,2000.436279,2129.441162,2025.105713,2124.776611,16200392492
2021-07-24,2107.323486,2197.649414,2123.961182,2189.218750,16057446601
2021-07-25,2108.829834,2194.438232,2187.145508,2191.373779,14566483636
2021-07-26,2177.329590,2428.817139,2191.309814,2233.366699,29614324233
2021-07-27,2154.731201,2316.950195,2230.197021,2298.333496,23067480378
2021-07-28,2250.914063,2341.777832,2302.081299,2296.545410,18991302378
2021-07-29,2273.404785,2396.451904,2299.011963,2380.956787,16313373113
2021-07-30,2322.337158,2469.704834,2382.545166,2466.961426,20212848934
2021-07-31,2423.816162,2551.161133,2461.575684,2536.209961,18001710283
2021-08-01,2520.931885,2695.429443,2530.462891,2561.852051,22697987055
2021-08-02,2511.375244,2665.730957,2557.774658,2610.153320,22162754104
2021-08-03,2449.353516,2630.314209,2609.413086,2502.349609,22696753413
2021-08-04,2463.469482,2764.443604,2508.544922,2724.619873,25038698173
2021-08-05,2540.684082,2840.430664,2725.669678,2827.328857,31057928075
2021-08-06,2727.792725,2944.903320,2827.503418,2890.941650,26528577879
2021-08-07,2868.535645,3170.229736,2891.707520,3157.238770,33081467129
2021-08-08,2951.747314,3184.604004,3161.232666,3013.732666,28433638008
2021-08-09,2900.926025,3185.701172,3012.885742,3167.856201,31983260936
2021-08-10,3059.229004,3228.940674,3163.050049,3141.691162,27605221710
2021-08-11,3122.916504,3269.209473,3142.830322,3164.245117,26729035052
2021-08-12,2984.166992,3236.314697,3164.175781,3043.414307,25403699845
2021-08-13,3037.676025,3324.671631,3049.001221,3322.211670,23868866254
2021-08-14,3214.519775,3329.281006,3322.762695,3265.443359,19860862133
2021-08-15,3117.791748,3320.084229,3266.276123,3310.504150,22166205051
2021-08-16,3139.778564,3333.994873,3309.422119,3156.509521,23080039949
2021-08-17,2996.468262,3288.812744,3149.380371,3014.845947,25509056745
2021-08-18,2959.028320,3124.976074,3011.963623,3020.089844,21539248425
2021-08-19,2963.150146,3184.435547,3019.126953,3182.702148,19546290360
2021-08-20,3178.103760,3298.246582,3182.162598,3286.935303,20885619828
2021-08-21,3209.866211,3307.351563,3286.931641,3226.083984,18113977628
2021-08-22,3142.007080,3272.733154,3226.227295,3242.115479,15983278460
2021-08-23,3235.851318,3373.384277,3241.357422,3319.257324,20511110509
2021-08-24,3154.121338,3358.688232,3324.855469,3172.456299,20131028906
2021-08-25,3086.114990,3248.727295,3174.269775,3224.915283,18902728235
2021-08-26,3060.228760,3249.655273,3228.747314,3100.325439,17405668117
2021-08-27,3064.485107,3281.840576,3096.406006,3270.600830,18489602004
2021-08-28,3217.403564,3284.845947,3275.104492,3244.403320,13709633698
2021-08-29,3158.840332,3283.235596,3246.770996,3227.002686,13296586731
2021-08-30,3151.444580,3346.581055,3227.192627,3224.374268,19306924485
2021-08-31,3195.216553,3466.992188,3227.758057,3433.732666,27280502987
2021-09-01,3387.408447,3836.867432,3430.762451,3834.828125,30070890104
2021-09-02,3726.750488,3830.711426,3825.027832,3790.989990,24387397330
2021-09-03,3712.678223,4022.469238,3787.486572,3940.614746,26207765094
2021-09-04,3837.931152,3969.448730,3937.910156,3887.828369,20806963328
2021-09-05,3838.487305,3979.186523,3886.331055,3952.133545,18371468576
2021-09-06,3868.994385,3968.426514,3951.520752,3928.379395,18674691198
2021-09-07,3062.222412,3945.314209,3926.527588,3426.394287,39131346397
2021-09-08,3224.764893,3559.121338,3428.378174,3497.315186,31738430771
2021-09-09,3400.517090,3562.992676,3452.548340,3427.340088,24118055831
2021-09-10,3157.059082,3512.571289,3425.564941,3211.505859,22355974097
2021-09-11,3208.961914,3346.526367,3209.030518,3270.278076,18627122934
2021-09-12,3235.109375,3462.468262,3270.291748,3410.134521,16810411424
2021-09-13,3121.514160,3426.502197,3407.471924,3285.511719,22721552948
2021-09-14,3273.630859,3429.169678,3286.316406,3429.169678,19125420848
2021-09-15,3365.913086,3615.282715,3431.217285,3615.282715,17548551804
2021-09-16,3489.805664,3673.310791,3613.073730,3571.294922,20093903064
2021-09-17,3356.449951,3589.305176,3569.568115,3398.538818,17722363229
2021-09-18,3371.892334,3540.807617,3397.422852,3432.018311,15995220233
2021-09-19,3286.172363,3448.322021,3433.287842,3329.447998,14257609743
2021-09-20,2940.839111,3343.325439,3329.670654,2958.993408,27371684581
2021-09-21,2676.407471,3101.697510,2977.310547,2764.431152,30405062665
2021-09-22,2741.440674,3089.083008,2763.209229,3077.867920,23742102645
2021-09-23,3038.097900,3173.544678,3077.974365,3155.523682,18516291047
2021-09-24,2747.337646,3159.644043,3154.562012,2931.669189,25595422789
2021-09-25,2818.970459,2968.994629,2930.884766,2925.565674,18932786754
2021-09-26,2744.583008,3114.857422,2926.343018,3062.265381,21172766310
2021-09-27,2932.692871,3163.665039,3065.837891,2934.138916,19164053681
2021-09-28,2793.360596,2970.770508,2928.963379,2807.296631,16895079070
2021-09-29,2786.988281,2946.881348,2809.297607,2853.143311,15763456158
2021-09-30,2840.289551,3046.519531,2852.558838,3001.678955,17661065099
2021-10-01,2978.654297,3329.853516,3001.129395,3307.516113,22307625573
2021-10-02,3260.027588,3464.837402,3308.870361,3391.694336,19202671704
2021-10-03,3348.120117,3484.605713,3390.767578,3418.358643,15516566862
2021-10-04,3283.448730,3434.775391,3418.776367,3380.089111,17747154101
2021-10-05,3365.817627,3541.451660,3381.784424,3518.518555,16632591670
2021-10-06,3354.469727,3622.551270,3516.570313,3580.562012,21855226591
2021-10-07,3479.909180,3650.013184,3576.814453,3587.974854,19090322927
2021-10-08,3547.828125,3667.957520,3587.832764,3563.759277,16222029488
2021-10-09,3544.640381,3628.237305,3559.997803,3575.716797,12707036942
2021-10-10,3414.970947,3603.244873,3575.020508,3425.852783,16171746693
2021-10-11,3385.761719,3622.289551,3419.726807,3545.354004,18579189588
2021-10-12,3407.338135,3546.477783,3546.477783,3492.573242,18109578443
2021-10-13,3417.602051,3607.741699,3492.753662,3606.201660,16211275589
2021-10-14,3590.275146,3819.258545,3604.958984,3786.014160,19443499909
2021-10-15,3735.363525,3895.466309,3790.154297,3862.634766,20966841512
2021-10-16,3805.885986,3962.453125,3865.666504,3830.382080,16578095629
2021-10-17,3660.723389,3914.897949,3829.858887,3847.104492,15908090346
2021-10-18,3686.750488,3888.209229,3847.729980,3748.760254,17386204158
2021-10-19,3736.780273,3883.928711,3747.162842,3877.650879,15998757133
2021-10-20,3833.288086,4167.472168,3877.730957,4155.992188,20338319988
2021-10-21,4032.483887,4366.088379,4161.713379,4054.322754,28220661820
2021-10-22,3908.340332,4162.975586,4055.686523,3970.181885,19432937968
2021-10-23,3944.631836,4171.663574,3971.356445,4171.663574,14781537792
2021-10-24,3967.120361,4185.729492,4171.855957,4087.903076,14978083638
2021-10-25,4072.034668,4236.666992,4084.425781,4217.876953,15995727040
2021-10-26,4106.823730,4289.131348,4217.337891,4131.102051,17157714562
2021-10-27,3930.257324,4299.152832,4132.173340,3930.257324,26219530404
2021-10-28,3905.706055,4293.150879,3924.815430,4287.318848,25958154575
2021-10-29,4271.707520,4455.735352,4288.686523,4414.746582,22967641914
2021-10-30,4252.494141,4426.848633,4414.243652,4325.650391,14615490626
2021-10-31,4179.016113,4394.449707,4322.744141,4288.074219,17498160238
2021-11-01,4160.966797,4377.322266,4288.217285,4324.626953,17985288261
2021-11-02,4288.686523,4599.948242,4322.500977,4584.798828,20794448222
2021-11-03,4462.976074,4664.910156,4589.684570,4607.193848,21220463155
2021-11-04,4426.622559,4606.516113,4604.678711,4537.324219,18415244464
2021-11-05,4447.487305,4570.895996,4537.423340,4486.243164,15086003586
2021-11-06,4334.973633,4530.997070,4482.647949,4521.581055,14429076700
2021-11-07,4510.984375,4640.921875,4523.981934,4620.554688,13541376033
2021-11-08,4619.649414,4822.363281,4619.649414,4812.087402,19290896267
2021-11-09,4718.039063,4837.589355,4810.071289,4735.068848,20834172627
2021-11-10,4485.093262,4859.502930,4733.362793,4636.174316,22748160545
2021-11-11,4580.990234,4778.059082,4635.453613,4730.384277,17933201129
2021-11-12,4510.920410,4808.738770,4724.306641,4667.115234,18316060208
2021-11-13,4582.180664,4702.115234,4666.719238,4651.460449,14457436261
2021-11-14,4516.935547,4689.842773,4648.632813,4626.358887,12172962219
2021-11-15,4546.599121,4764.636230,4627.090820,4557.503906,16275851299
2021-11-16,4144.334961,4891.704590,4570.478027,4216.365234,27417502801
2021-11-17,4107.125977,4300.306641,4213.910645,4287.593750,22183461850
2021-11-18,3959.227783,4343.557129,4287.802246,4000.650879,21383250893
2021-11-19,3982.917480,4311.713867,3995.729492,4298.306641,20626269711
2021-11-20,4209.242676,4434.388184,4298.350586,4409.931152,15448261277
2021-11-21,4255.455078,4422.491699,4412.195313,4269.732910,14094831413
2021-11-22,4033.572266,4302.022949,4266.509277,4088.457764,19752218877
2021-11-23,4069.766602,4385.483398,4089.680420,4340.763672,22133497059
2021-11-24,4176.183594,4376.875977,4340.036133,4239.981445,21838037128
2021-11-25,4249.774414,4550.518066,4271.394531,4274.743164,18705358318
2021-11-26,3933.506592,4550.842285,4522.208984,4030.908936,26281795488
2021-11-27,4033.513916,4187.684082,4042.999023,4096.912109,16515693874
2021-11-28,3989.969971,4297.916504,4101.648926,4294.453613,15953126340
2021-11-29,4284.504883,4460.848633,4296.946777,4445.104980,19086475837
2021-11-30,4358.074219,4753.266113,4447.768066,4631.479004,28626354111
2021-12-01,4530.272461,4780.732422,4623.679688,4586.990234,27634826695
